chrom,start,end,CC_R1,CC_R2,CC_R3,TCF7L2_R1,TCF7L2_R2,TCF7L2_R3,Genes,logFC,FDR,Motif Name,tf,histone
chr1,13762633,13763133,1.864073872075118,1.6120986790976912,1.5816592183684512,1.438831483085268,1.4998962130140183,1.4037650881691877,"['PRDM2', 'KAZN']","[0.0233218763864086, -0.404963816661348]","[0.874843768815632, 5.74533118671114e-05]","['AR', 'ASCL1', 'ASCL2', 'BHLHA15', 'HOXA11', 'MAFB', 'MAFK', 'MYF5', 'MYOD1', 'MYOG', 'NKX3-1', 'PTF1A', 'SMAD3', 'TAL1', 'TBP', 'TCF12', 'TCF21', 'TCF3', 'TCF4', 'TFAP4', 'TWIST2', 'ZBTB18', 'ZNF263', 'ZNF341']","['PRDM10', 'ZNF263', 'ZNF600', 'ZNF664']","['H3K27ac', 'H3K4me1']"
chr1,38985449,38985978,1.2788861733257169,1.1545114122925957,1.280454802462071,0.9765030238445058,0.9026803655058518,1.1423529349426658,"['AKIRIN1', 'RHBDL2']","[0.0664149815955218, -0.222790018647132]","[0.436945245779131, 0.640815188850738]","['CRX', 'ESRRA', 'FOXA1', 'FOXD3', 'FOXH1', 'FOXL2', 'FOXM1', 'GSC', 'HOXA10', 'HOXA11', 'HOXA13', 'HOXA9', 'HOXD10', 'HOXD11', 'HOXD12', 'HOXD13', 'NFATC1', 'NKX2-1', 'NKX2-2', 'OTX2', 'PGR', 'PITX1', 'RBPJ', 'SMAD3', 'STAT1', 'STAT3', 'STAT4', 'STAT5A', 'STAT6', 'TBP', 'TRPS1']","['EGR2', 'GLIS1', 'IKZF3', 'PRDM1', 'PRDM10', 'ZFHX2', 'ZNF341', 'ZNF600']",['H3K4me1']
chr1,50610650,50611197,1.558564425122476,1.4627185563684135,2.051322217709302,1.3434139233363764,1.1267229524607234,1.21406710328146,"['FAF1', 'DMRTA2']","[-0.13664553168072, -2.21039372425902]","[0.0566554985920721, 1.0769083986110102e-09]","['DLX1', 'DLX2', 'DLX5', 'EN1', 'FOXD3', 'HLF', 'HOXA11', 'HOXA13', 'HOXB13', 'HOXD11', 'HOXD13', 'NFIL3', 'NKX6-1', 'PHOX2A', 'PITX1', 'POU1F1', 'PROP1', 'RBPJ', 'RUNX1', 'RUNX2', 'SIX2', 'SOX10', 'TAL1', 'TBX5', 'TEAD1', 'TEAD2', 'TEAD3', 'TEAD4', 'TFCP2L1', 'TGIF1', 'TGIF2', 'TP63', 'ZNF416']","['FEZF1', 'IKZF3', 'KLF1', 'KLF10', 'OSR2', 'PRDM10', 'PRDM6', 'SCRT1', 'SCRT2', 'TRIM28', 'WT1', 'ZBTB44', 'ZBTB8A', 'ZNF366', 'ZNF843', 'ZXDB']",['H3K4me1']
chr1,91792767,91793267,1.4418778632631877,1.634232627311281,1.326475846850188,1.1872143593346325,1.4611079073778304,1.2153488464225932,"['TGFBR3', 'CDC7']","[-0.0206001306818086, 0.253092986292388]","[0.87153047019409, 0.0016692411271288]","['AR', 'CDX4', 'DLX1', 'FOXO1', 'HOXA11', 'HOXA13', 'HOXA9', 'HOXB13', 'HOXD10', 'HOXD11', 'HOXD13', 'IRF4', 'KLF10', 'MEF2B', 'MYB', 'MYBL2', 'NFYA', 'NKX6-1', 'P300', 'PITX1', 'POU1F1', 'RBPJ', 'TAL1', 'TBX5', 'TGIF1', 'TGIF2', 'THRA', 'THRB', 'ZIC1', 'ZIC2', 'ZIC3']","['CTCF', 'GLIS1', 'INSM2', 'KLF1', 'KLF10', 'KLF16', 'PATZ1', 'PRDM1', 'SCRT2', 'SP7', 'TRIM28', 'ZBTB12', 'ZBTB17', 'ZBTB21', 'ZBTB44', 'ZBTB48', 'ZEB2', 'ZNF335', 'ZNF341', 'ZNF394', 'ZNF449', 'ZNF561', 'ZNF600', 'ZNF629', 'ZNF664', 'ZSCAN21']",['H3K4me1']
chr1,148263867,148264367,1.9749255303152464,2.3859287089009613,2.061266185178599,1.9822176766074373,2.1641337410726704,1.930157285303198,"['PPIAL4G', 'NBPF11']","[0.44511354520194, -0.0592319694874467]","[0.0199366331547228, 0.468829451870465]","['AR', 'ASCL1', 'ASCL2', 'EOMES', 'ESRRA', 'ESRRB', 'ESRRG', 'MYB', 'MYOG', 'NPAS2', 'PTF1A', 'SCRT1', 'SF1', 'SMAD2', 'SMAD4', 'SNAI1', 'TBX21', 'TBX5', 'TCF12', 'TCF3', 'THRB', 'ZEB1', 'ZEB2', 'ZNF341']","['BCL11B', 'BHLHE40', 'ELF4', 'FOXK2', 'KLF9', 'MZF1', 'NFRKB', 'SP3', 'TRIM28', 'ZBTB20', 'ZBTB6', 'ZBTB8A', 'ZEB1', 'ZFP37', 'ZNF18', 'ZNF184', 'ZNF189', 'ZNF263', 'ZNF548', 'ZNF561', 'ZNF623', 'ZNF770', 'ZNF843', 'ZSCAN21']","['H3K27ac', 'H3K4me3']"
chr1,225635745,225636245,1.6189175243690692,1.929700711473324,1.981910323976653,1.608817981093012,1.835623962906489,1.5625212239663395,"['ENAH', 'LBR']","[0.0799043849994121, 0.401306600080913]","[0.472557183743758, 0.0007324451586743]","['DLX1', 'FOXA1', 'FOXA2', 'FOXD3', 'FOXF1', 'FOXK1', 'FOXL2', 'FOXM1', 'FOXO1', 'FOXO3', 'FOXP1', 'NFATC1', 'NKX6-1', 'PITX1', 'RARA', 'SIX2', 'SMAD3', 'THRB']","['ATF2', 'PRDM6', 'TRIM28', 'ZNF221', 'ZNF561', 'ZNF664', 'ZNF692']",['H3K4me1']
chr1,229555144,229555644,2.423930589929861,2.59252246476951,2.302974030386556,2.0722842212289536,2.251729630592278,1.8965433547578257,"['ABCB10', 'NUP133']","[0.0762493474230648, 0.275925256932864]","[0.573467113272968, 0.0001448423534439]","['ASCL1', 'ASCL2', 'ATOH1', 'BCL11A', 'BHLHA15', 'CRX', 'EBF1', 'EOMES', 'FOXH1', 'HOXA13', 'HOXD13', 'KLF1', 'KLF5', 'MYF5', 'MYOD1', 'MYOG', 'NEUROG2', 'NKX2-1', 'NKX2-5', 'OLIG2', 'PITX1', 'PTF1A', 'SNAI1', 'SNAI2', 'TAL1', 'TBP', 'TBR1', 'TBX5', 'TBXT', 'TCF12', 'TCF21', 'TCF3', 'TCF4', 'TEAD1', 'TEAD3', 'TEAD4', 'TFAP4', 'TWIST2', 'ZEB1', 'ZFX', 'ZNF263', 'ZNF467', 'ZNF711']","['IKZF3', 'PRDM6', 'ZBTB17', 'ZBTB44', 'ZFP69B', 'ZIC2', 'ZNF263', 'ZNF449', 'ZNF510', 'ZNF561', 'ZNF600', 'ZNF626', 'ZNF660', 'ZNF692']",['H3K4me1']
chr10,12375142,12375642,1.64221496668052,1.4163794766890423,1.3539163944106112,1.2218930686950875,1.1921705504040725,1.078877489096211,"['CCDC3', 'CAMK1D']","[-0.426064872647789, -0.683735539530063]","[0.0062613416251682, 3.93485214718911e-06]","['ARNT', 'BARX1', 'CDX4', 'CRX', 'FOXA2', 'FOXD3', 'FOXF1', 'FOXK1', 'FOXK2', 'FOXO1', 'FOXO3', 'FOXP1', 'GATA4', 'GSC', 'HAND2', 'HOXA11', 'HOXA13', 'HOXB13', 'HOXC9', 'MYOG', 'NANOG', 'NKX2-5', 'NKX3-1', 'NR5A2', 'OTX2', 'PBX2', 'PDX1', 'PITX1', 'PLAGL1', 'PTF1A', 'SNAI1', 'SP2', 'SP5', 'TRPS1', 'ZEB1', 'ZEB2']","['BCL6B', 'FEZF1', 'MAZ', 'OSR2', 'PKNOX1', 'PRDM10', 'PRDM6', 'SP7', 'ZBTB11', 'ZBTB17', 'ZEB2', 'ZNF10', 'ZNF324', 'ZNF335', 'ZNF398', 'ZNF404', 'ZNF629', 'ZSCAN16', 'ZSCAN5C', 'ZXDB']","['H3K27ac', 'H3K4me1']"
chr10,12501348,12501848,2.239893083992243,2.0864144459506138,1.9559039891570615,2.270077533210344,2.253398814899612,2.147541673039904,"['CCDC3', 'CAMK1D']","[-0.426064872647789, -0.683735539530063]","[0.0062613416251682, 3.93485214718911e-06]","['AR', 'ATOH1', 'BCL6', 'BHLHA15', 'CRX', 'DMRT1', 'DMRTB1', 'E2F1', 'E2F3', 'E2F4', 'E2F6', 'E2F7', 'ERG', 'ESRRA', 'ETV2', 'FOXA1', 'FOXA2', 'FOXA3', 'FOXF1', 'FOXL2', 'FOXM1', 'GATA1', 'GATA2', 'GATA3', 'GATA4', 'GATA5', 'HOXA11', 'HOXA13', 'HOXA9', 'HOXD10', 'HOXD11', 'MEIS1', 'OLIG2', 'PITX1', 'PTF1A', 'RARA', 'SPDEF', 'TAL1', 'TCF21', 'TCF4', 'TEAD1', 'TEAD2', 'TEAD3', 'TEAD4', 'TGIF1', 'TGIF2', 'THRB', 'TRPS1', 'TWIST2', 'ZBTB18', 'ZBTB7A', 'ZNF136']","['FEZF1', 'KLF1', 'ZBTB17', 'ZBTB20', 'ZBTB48', 'ZNF2', 'ZNF366', 'ZNF680', 'ZNF843']","['H3K27ac', 'H3K4me1']"
chr10,77898685,77899185,6.295555476907073,7.676527326960447,7.478714215685056,6.285336579865173,6.9266948793806895,5.002531076417909,"['DLG5', 'KCNMA1']","[-0.312357787082919, -0.859112777537862]","[0.0560882050839231, 0.0010197195988466]","['AR', 'ASCL1', 'ASCL2', 'ATOH1', 'BHLHA15', 'EGR1', 'EOMES', 'EPAS1', 'FOXO1', 'GATA3', 'GATA4', 'GATA5', 'MYBL2', 'MYF5', 'MYOD1', 'MYOG', 'NEUROD1', 'NEUROG2', 'NKX3-1', 'OLIG2', 'PBX3', 'PKNOX1', 'PTF1A', 'SMAD3', 'SP5', 'TAL1', 'TBX5', 'TCF12', 'TCF21', 'TCF3', 'TCF4', 'TFAP4', 'THRB', 'TRPS1', 'TWIST2', 'ZBTB18', 'ZFP57', 'ZFP809', 'ZIC1', 'ZIC3', 'ZNF263', 'ZNF264']","['GLIS2', 'KLF1', 'MAZ', 'OSR2', 'PATZ1', 'PRDM10', 'SP2', 'SP7', 'TRIM28', 'ZBTB17', 'ZBTB48', 'ZEB2', 'ZFHX2', 'ZFP69B', 'ZIC2', 'ZNF263', 'ZNF335', 'ZNF366', 'ZNF394', 'ZNF398', 'ZNF558', 'ZNF600', 'ZNF629', 'ZNF639', 'ZNF692', 'ZSCAN21', 'ZSCAN30']",['H3K4me1']
chr10,83983566,83984066,5.0904605342603695,5.982586995569528,6.075347525973521,5.065928351234885,5.400886200860398,5.504785430258569,['GHITM'],[0.0577644697774508],[0.590627797036351],"['ARNT', 'ATF3', 'BACH1', 'EHF', 'ELF3', 'ELF4', 'EOMES', 'ERG', 'ESRRA', 'ETS1', 'ETV1', 'ETV2', 'ETV4', 'FLI1', 'FOSL1', 'FOXO1', 'GABPA', 'GLI3', 'HAND2', 'HOXA9', 'JUN', 'MAFA', 'MAFK', 'MEIS1', 'MYOD1', 'NANOG', 'NFIX', 'NPAS4', 'NR2F1', 'NR2F2', 'NR2F6', 'RARA', 'RBPJ', 'TAL1', 'TBR1', 'TBX5', 'TBX6', 'TEAD1', 'TEAD3', 'TFCP2L1', 'TGIF1', 'THRB', 'TP53', 'TP63', 'TP73', 'WT1', 'ZFX', 'ZIC1', 'ZNF189', 'ZNF711']","['EGR2', 'FEZF1', 'GLIS1', 'GLIS2', 'HIC1', 'INSM2', 'KLF8', 'MZF1', 'OSR2', 'PATZ1', 'PRDM10', 'SCRT2', 'SP2', 'SP3', 'SP7', 'TRIM28', 'TSHZ1', 'WT1', 'ZBTB17', 'ZBTB21', 'ZBTB44', 'ZBTB8A', 'ZEB1', 'ZFHX2', 'ZFP37', 'ZIC2', 'ZNF18', 'ZNF184', 'ZNF189', 'ZNF24', 'ZNF263', 'ZNF280D', 'ZNF324', 'ZNF341', 'ZNF362', 'ZNF366', 'ZNF394', 'ZNF501', 'ZNF518A', 'ZNF558', 'ZNF561', 'ZNF600', 'ZNF660', 'ZNF664', 'ZNF76', 'ZSCAN23', 'ZSCAN5C']","['H3K27ac', 'H3K4me1']"
chr10,88245849,88246358,2.320787685261684,2.123018208160273,1.6807008739429323,1.6760058418191703,2.065414957210782,1.845138142799909,['KLLN'],[-0.985927220857061],[1.20180142334883e-05],"['ARNT', 'ARNTL', 'ATF1', 'ATF2', 'ATF7', 'CREB1', 'CREB5', 'JUN', 'JUND', 'MNT', 'NFIL3', 'PITX1', 'PRDM15', 'RBPJ', 'SMAD3', 'TBX21', 'TBX5', 'TGIF1', 'TGIF2', 'ZNF7']","['ATF2', 'GLIS1', 'MZF1', 'OSR2', 'OVOL3', 'PRDM6', 'SCRT1', 'TRIM28', 'TSHZ1', 'ZBTB1', 'ZBTB17', 'ZBTB20', 'ZBTB21', 'ZBTB44', 'ZIC2', 'ZNF335', 'ZNF366', 'ZNF600', 'ZNF629', 'ZNF660', 'ZNF664', 'ZNF843', 'ZSCAN5C']","['H3K27ac', 'H3K4me1']"
chr10,124946511,124947011,0.9816202797568672,0.9443369146302018,0.9803024282134416,0.8464314954987022,0.921214392312786,0.9397681780070208,"['ZRANB1', 'CTBP2']","[-0.150207974552376, -0.210183519005646]","[0.208717974511603, 0.0124252704386831]","['ARNTL', 'CRX', 'DLX1', 'DLX2', 'DLX3', 'DLX5', 'EN1', 'FOXA1', 'FOXA2', 'FOXA3', 'FOXD3', 'FOXF1', 'FOXK1', 'FOXK2', 'FOXL2', 'FOXM1', 'FOXO1', 'FOXO3', 'FOXP1', 'GSC', 'HOXD12', 'MNT', 'MYB', 'NANOG', 'NKX2-1', 'NKX6-1', 'NPAS1', 'NPAS2', 'OLIG2', 'OTX2', 'PDX1', 'PITX1', 'RARA', 'RFX5', 'RFX6', 'SNAPC1', 'THRB', 'ZFX', 'ZNF711']",['OSR2'],['H3K4me1']
chr11,112902834,112903334,2.2828713926453306,2.214376358468681,2.5329768234638523,2.424171311646953,2.4763789706404107,2.4879604635172967,['NCAM1'],[0.252622132578142],[0.0220745463536546],"['CRX', 'DLX2', 'EHF', 'EN1', 'FOXA1', 'FOXD3', 'FOXM1', 'GSC', 'HOXA11', 'HOXA13', 'HOXA9', 'HOXD11', 'HOXD13', 'LHX1', 'LHX2', 'LHX3', 'MEF2B', 'MEF2C', 'NANOG', 'NFIX', 'NKX3-2', 'NKX6-1', 'OTX2', 'P300', 'PDX1', 'PITX1', 'SMAD3', 'TRPS1', 'ZIC1', 'ZNF322']","['KLF8', 'PRDM6', 'REST', 'WT1', 'ZBTB6', 'ZNF335', 'ZNF629', 'ZNF692']","['H3K27ac', 'H3K4me1']"
chr12,1443858,1444358,1.987491503003303,2.171882025664254,2.0645788346261806,1.9605371707695436,1.911130948358892,1.9341035405434808,"['FBXL14', 'ERC1']","[0.0809610892537188, 0.0401678868750726]","[0.61911168794429, 0.788541677541387]","['BCL6', 'CDX4', 'DLX2', 'EN1', 'FOXD3', 'FOXK2', 'GATA3', 'GLI3', 'HOXA11', 'HOXA13', 'HOXB13', 'HOXC9', 'HOXD10', 'HOXD11', 'HOXD13', 'IRF4', 'LHX2', 'LHX3', 'MYBL2', 'NANOG', 'NKX6-1', 'PITX1', 'POU1F1', 'PRDM15', 'TRPS1', 'ZNF264']","['SCRT1', 'ZNF10', 'ZNF843']","['H3K27ac', 'H3K4me1']"
chr12,59084755,59085255,2.991552954347532,3.31440288333987,3.121125612126205,3.0957576067016155,3.496275352344136,3.292342207514529,"['LRIG3', 'SLC16A7']","[0.214152426191416, -1.42461226780914]","[0.0070336413341948, 0.0004140574611911]","['ASCL1', 'ASCL2', 'ATOH1', 'BARX1', 'BHLHA15', 'EHF', 'ELF3', 'ELF5', 'EOMES', 'ERG', 'FOXA1', 'FOXA2', 'FOXA3', 'FOXD3', 'FOXF1', 'FOXK1', 'FOXK2', 'FOXL2', 'FOXM1', 'FOXO1', 'FOXO3', 'FOXP1', 'HOXA11', 'HOXD11', 'KLF14', 'KLF6', 'MYBL2', 'MYF5', 'MYOD1', 'MYOG', 'NEUROD1', 'NEUROG2', 'OLIG2', 'PITX1', 'PTF1A', 'SIX1', 'SIX2', 'SMAD3', 'SP2', 'TAL1', 'TBR1', 'TBX21', 'TBX5', 'TCF12', 'TCF21', 'TCF3', 'TCF4', 'TFAP4', 'TWIST2', 'ZFX', 'ZIC1', 'ZIC2', 'ZIC3', 'ZNF711']","['CTCF', 'FEZF1', 'GFI1B', 'PKNOX1', 'ZBTB17', 'ZBTB44', 'ZNF770']",['H3K4me1']
chr12,65956348,65956848,1.4506115272780458,1.5093752138963996,1.4454679444741343,1.3541473125013208,1.512639408417663,1.256904872107599,"['LLPH', 'HMGA2']","[0.186340789589519, 0.158660021122519]","[0.16033763164543, 0.166145910915231]","['AR', 'ATF1', 'ATF2', 'ATF7', 'CDX4', 'CREB5', 'CRX', 'CUX1', 'CUX2', 'DLX1', 'DLX2', 'DLX3', 'DLX5', 'EHF', 'ELK1', 'ELK4', 'EN1', 'ERG', 'ESRRA', 'ETS1', 'ETV1', 'ETV2', 'ETV4', 'FLI1', 'FOXA1', 'FOXA2', 'FOXF1', 'FOXK1', 'FOXL2', 'FOXO1', 'FOXO3', 'FOXP1', 'GABPA', 'HOXA1', 'HOXA11', 'HOXA13', 'HOXA2', 'HOXA9', 'HOXB13', 'HOXC9', 'HOXD11', 'HOXD12', 'HOXD13', 'IRF8', 'ISL1', 'JUN', 'LHX1', 'LHX2', 'LHX3', 'MEIS1', 'MYB', 'MYBL1', 'MYBL2', 'NANOG', 'NEUROG2', 'NFIX', 'NKX6-1', 'ONECUT1', 'ONECUT2', 'PBX2', 'PDX1', 'PHOX2A', 'PHOX2B', 'PRDM1', 'PROP1', 'SNAPC1', 'STAT3', 'STAT4', 'TAL1', 'TFAP4', 'TGIF1', 'TGIF2']","['ATF2', 'BCL11A', 'BCL11B', 'BCL6B', 'CTBP1', 'FEZF1', 'FOXM1', 'GFI1B', 'GLI2', 'HIC1', 'IKZF3', 'INSM2', 'KLF10', 'KLF16', 'KLF7', 'MAZ', 'MYNN', 'MZF1', 'OSR2', 'OVOL3', 'PKNOX1', 'PRDM1', 'PRDM10', 'PRDM4', 'PRDM6', 'SALL2', 'SCRT1', 'SCRT2', 'SP7', 'TRIM28', 'TSHZ1', 'ZBTB12', 'ZBTB17', 'ZBTB20', 'ZBTB21', 'ZBTB48', 'ZBTB6', 'ZBTB7A', 'ZBTB8A', 'ZEB1', 'ZEB2', 'ZFP37', 'ZFP69B', 'ZNF10', 'ZNF112', 'ZNF133', 'ZNF146', 'ZNF184', 'ZNF189', 'ZNF19', 'ZNF2', 'ZNF23', 'ZNF24', 'ZNF248', 'ZNF324', 'ZNF335', 'ZNF350', 'ZNF362', 'ZNF366', 'ZNF384', 'ZNF391', 'ZNF394', 'ZNF398', 'ZNF404', 'ZNF449', 'ZNF488', 'ZNF501', 'ZNF513', 'ZNF518A', 'ZNF558', 'ZNF580', 'ZNF596', 'ZNF600', 'ZNF621', 'ZNF629', 'ZNF639', 'ZNF645', 'ZNF660', 'ZNF664', 'ZNF692', 'ZNF776', 'ZNF792', 'ZNF843', 'ZSCAN18', 'ZSCAN21', 'ZSCAN30', 'ZSCAN4', 'ZSCAN5C', 'ZXDB']","['H3K27ac', 'H3K4me1']"
chr12,89574707,89575207,1.9676165879732703,2.096808106824962,2.607910652762746,1.7616959600848603,1.9948971711025207,2.434160225171176,"['POC1B-GALNT4', 'ATP2B1']","[-0.444279202968287, 0.370252365162694]","[0.680059781545263, 8.7446766371828e-05]","['EOMES', 'ESRRA', 'FOXO1', 'MAFA', 'NFATC1', 'NFIA', 'NKX2-1', 'NKX2-2', 'NKX2-5', 'NKX3-1', 'NR2E1', 'NR2F1', 'NR2F2', 'NR2F6', 'PGR', 'RARA', 'RUNX1', 'RUNX2', 'TAL1', 'TEAD1', 'TEAD2', 'TEAD3', 'TEAD4', 'TFCP2L1', 'TGIF1', 'TGIF2', 'THRB', 'ZNF652']",['ZBTB44'],['H3K4me1']
chr12,128817671,128818171,3.2541252557064126,3.470702180425024,2.571759004627814,2.792932619646729,3.441926618348752,2.733952171018527,['SLC15A4'],[0.0872360526841197],[0.375745472279331],"['AR', 'ARNT', 'ARNTL', 'ATF1', 'ATF2', 'ATF7', 'BHLHE41', 'CREB1', 'CREB5', 'CUX2', 'EPAS1', 'FOXA1', 'FOXA2', 'FOXA3', 'FOXF1', 'FOXK1', 'FOXK2', 'FOXL2', 'FOXM1', 'FOXO1', 'FOXO3', 'FOXP1', 'HIF1A', 'JUN', 'JUND', 'MITF', 'MNT', 'NFIL3', 'NPAS1', 'ONECUT1', 'ONECUT2', 'PRDM15', 'RBPJ', 'TAL1', 'TBXT', 'TGIF1', 'USF1', 'USF2']","['ATF2', 'FEZF1', 'GLIS1', 'IKZF3', 'KLF17', 'KLF8', 'PATZ1', 'PRDM4', 'PRDM6', 'SP7', 'TRIM28', 'ZBTB17', 'ZBTB21', 'ZBTB48', 'ZBTB8A', 'ZIC2', 'ZNF10', 'ZNF335', 'ZNF449', 'ZNF600', 'ZNF629', 'ZNF639', 'ZNF660', 'ZNF843', 'ZXDB']",['H3K4me1']
chr14,51357140,51357674,1.804051518335399,2.155768942768917,2.2219863972710483,1.6851139186124664,2.1321379812368284,1.4026517365648803,"['TMX1', 'FRMD6']","[0.269353087319843, -0.191398205694876]","[0.0083847774944662, 0.0788411947447007]","['AR', 'ARNT', 'ARNTL', 'BCL11A', 'DLX1', 'EPAS1', 'FOXK1', 'GATA3', 'GATA5', 'HSF1', 'MEIS1', 'NFIX', 'NKX3-1', 'NKX3-2', 'NKX6-1', 'NPAS1', 'PITX1', 'PLAGL1', 'PROP1', 'RBPJ', 'RUNX1', 'SOX6', 'STAT1', 'STAT3', 'STAT4', 'TBXT', 'TFAP2A', 'TFAP2C', 'TGIF1', 'TP53', 'TP63', 'TP73', 'TRPS1', 'ZBTB12', 'ZBTB7A', 'ZIC1', 'ZNF711']","['EGR2', 'FEZF1', 'GLIS1', 'PRDM6', 'SP7', 'TRIM28', 'ZBTB8A', 'ZFHX2', 'ZIC2', 'ZNF335', 'ZNF561', 'ZNF664', 'ZNF770', 'ZNF843']",['H3K4me1']
chr14,64680247,64680751,2.6732292130234803,2.930438422741238,3.051398856535821,2.2126183026546657,2.620108578993793,3.012826160272508,"['PPP1R36', 'PLEKHG3']","[-0.0624065058742655, 0.0095670395314109]","[0.925304883340161, 0.939727033002614]","['AR', 'ARNT', 'DLX2', 'EBF1', 'EBF2', 'EN1', 'GLI3', 'HAND2', 'HOXA13', 'HOXA9', 'HOXD13', 'ISL1', 'KLF5', 'LHX1', 'LHX2', 'LHX3', 'NKX2-1', 'NKX2-2', 'NKX2-5', 'NKX6-1', 'PLAGL1', 'RBPJ', 'TFAP2A', 'TFAP2C', 'TFCP2L1', 'TP53', 'TP63', 'TP73', 'ZIC1', 'ZNF711']","['PRDM1', 'ZBTB20', 'ZNF263', 'ZNF770']","['H3K27ac', 'H3K4me1']"
chr14,81323851,81324351,1.511063841135596,1.6542418907769003,1.6029109377956392,1.3369091293265165,1.4647908390869966,1.4957050040203457,"['STON2', 'GTF2A1']","[-0.563641597979619, -0.0345983258993561]","[4.13192569157416e-06, 0.861838229789063]","['HINFP', 'MAZ', 'NKX3-2', 'NR2E1', 'RBPJ', 'SMAD2', 'SMAD3', 'SMAD4', 'TP53', 'TP63', 'TP73', 'ZBTB12', 'ZBTB7A', 'ZNF263']","['FEZF1', 'GLIS2', 'KLF9', 'MAZ', 'PRDM10', 'PRDM6', 'ZBTB17', 'ZFP37', 'ZNF2', 'ZNF263', 'ZNF335', 'ZNF362', 'ZNF384', 'ZNF770']","['H3K27ac', 'H3K4me1', 'H3K4me3']"
chr14,95523765,95524265,2.659257311490588,2.903581552942891,2.4030389442190945,2.354553159105321,2.6860568901657453,1.9551264051146064,"['GLRX5', 'SYNE3']","[0.218347607347383, -0.0008048006719027]","[0.0481315882354589, 0.99967790010175]","['BCL6', 'CRX', 'EBF1', 'EBF2', 'ERG', 'ETV4', 'GSC', 'NPAS4', 'OTX2', 'PGR', 'PITX1', 'PRDM15', 'SMAD4', 'SPI1', 'STAT6', 'ZNF136']","['PATZ1', 'PRDM10', 'ZBTB17', 'ZBTB20', 'ZBTB44', 'ZBTB8A', 'ZNF341']","['H3K27ac', 'H3K4me1']"
chr14,103031240,103031740,1.3463950414496286,1.4206548044217788,1.4851886284502516,1.26828334393103,1.180066834591646,1.495678768337855,"['CDC42BPB', 'AMN']","[0.177158526783169, 0.648244560954458]","[0.139879018899937, 0.295665045278688]","['CUX1', 'CUX2', 'EOMES', 'ERG', 'ETS1', 'ETV2', 'FLI1', 'HOXA11', 'HOXA13', 'HOXA9', 'HOXB13', 'HOXD10', 'HOXD11', 'HOXD12', 'HOXD13', 'MAFA', 'MAFB', 'MAFF', 'MAFK', 'NKX6-1', 'ONECUT1', 'ONECUT2', 'PHOX2A', 'PHOX2B', 'PITX1', 'PROP1', 'SMAD2', 'SMAD3', 'SMAD4', 'SOX10', 'TBX21', 'TBX5', 'TBX6', 'TGIF1', 'TGIF2', 'THRB', 'ZNF7']","['FEZF1', 'PRDM6', 'ZBTB44', 'ZIC2', 'ZNF335', 'ZNF449']","['H3K27ac', 'H3K4me1']"
chr15,77528764,77529264,3.252907329342196,3.930733311147105,4.5256514407286,3.528683433458969,3.052905251909313,3.773986424418196,"['HMG20A', 'LINGO1']","[0.146000332539966, -1.01247395168147]","[0.165309099869244, 2.6298210070351097e-11]","['AR', 'BCL6', 'EBF1', 'EBF2', 'ESRRA', 'ESRRB', 'ESRRG', 'FLI1', 'GFI1B', 'HOXA13', 'MEIS1', 'MYOD1', 'NANOG', 'NR2F1', 'NR2F2', 'NR2F6', 'NR5A2', 'PLAGL1', 'RARA', 'RBPJ', 'SF1', 'STAT6', 'TAL1', 'TFAP2A', 'TFAP2C', 'TGIF1', 'TGIF2', 'THRB', 'ZBTB7A', 'ZFP809', 'ZFX', 'ZNF189', 'ZNF341', 'ZNF416']","['ZFHX2', 'ZNF341']",['H3K27ac']
chr15,83477149,83477649,1.5499752404650404,1.7998337710896175,1.3792666974270096,1.4188376834409586,1.6582381145108598,1.670236557512192,"['SH3GL3', 'ADAMTSL3']","[-0.0446275304082065, -0.724370664785626]","[0.700276266842197, 0.0091852865869649]","['ARNTL', 'ATF1', 'ATF2', 'ATF7', 'BHLHE41', 'CREB1', 'CREB5', 'CRX', 'DUXBL1', 'FOXA1', 'FOXD3', 'FOXF1', 'FOXK1', 'FOXK2', 'FOXL2', 'FOXM1', 'FOXO3', 'GATA3', 'JUN', 'JUND', 'LHX1', 'LHX3', 'MITF', 'NFIL3', 'NFIX', 'NKX6-1', 'PHOX2A', 'PHOX2B', 'PITX1', 'PROP1', 'RBPJ', 'TGIF1', 'TGIF2', 'TRPS1', 'USF1']","['ATF2', 'PRDM10', 'SCRT2', 'ZNF629']",['H3K4me1']
chr16,48195284,48195804,2.015577877880412,1.8365753441571635,1.8605216242270808,1.7892740033518617,1.5464083475048185,1.3858910829643312,['ABCC11'],[-1.28006980740808],[4.60452559092685e-05],"['ESRRA', 'FOXA1', 'FOXA2', 'FOXF1', 'FOXK1', 'FOXL2', 'FOXM1', 'FOXO1', 'FOXO3', 'FOXP1', 'HLF', 'NANOG', 'NFIL3', 'NKX2-1', 'NR2F1', 'NR2F2', 'NR2F6', 'POU1F1', 'RARA', 'SIX2', 'SMAD2', 'SMAD3', 'SMAD4', 'TEAD4', 'TFAP2A', 'TFAP2C', 'THRB', 'WT1', 'ZNF467']","['FEZF1', 'MAZ', 'ZBTB11', 'ZBTB20', 'ZBTB44', 'ZNF580', 'ZNF770']",['H3K4me1']
chr16,85562400,85562900,3.195838779704613,3.2252554420229886,4.129688938533361,3.5125569167679256,3.0591012401699853,2.9854212327061207,['GSE1'],[-0.279800114448835],[0.0005478056998814],"['ARNT', 'ARNTL', 'ASCL1', 'ASCL2', 'BCL11A', 'BHLHE40', 'BHLHE41', 'CLOCK', 'EBF1', 'EBF2', 'EHF', 'ESRRA', 'GLI3', 'MAX', 'MNT', 'MYC', 'MYCN', 'NEUROD1', 'NPAS1', 'NPAS2', 'PLAGL1', 'PRDM1', 'PTF1A', 'RARA', 'RELA', 'RUNX1', 'SMAD2', 'SMAD3', 'SMAD4', 'SNAI1', 'SNAI2', 'TCF12', 'TCF3', 'TP53', 'TP63', 'USF2', 'ZEB1', 'ZEB2', 'ZNF263', 'ZNF711']","['IKZF3', 'KLF1', 'PRDM2', 'PRDM4', 'SCRT1', 'SCRT2', 'SP7', 'TRIM28', 'ZNF189', 'ZNF600']",['H3K4me1']
chr17,2101651,2102151,2.17089805169302,2.357548495481803,2.2198077656431727,2.18234020094438,2.366926693033326,1.9508044898781,"['SRR', 'HIC1']","[-0.395305915031899, -0.649641495240422]","[0.0051504124723675, 0.0064094039989833]","['AR', 'ASCL1', 'ASCL2', 'BCL6', 'EBF1', 'EBF2', 'ERG', 'ETS1', 'ETV2', 'ETV4', 'FLI1', 'MYB', 'MYBL1', 'MYBL2', 'NKX2-2', 'NKX2-5', 'PGR', 'PTF1A', 'SNAI1', 'STAT3', 'STAT4', 'TBX5', 'TCF12', 'TCF3', 'ZBTB12', 'ZBTB7A', 'ZEB1', 'ZIC3']","['FEZF1', 'HIC1', 'IKZF3', 'MZF1', 'OSR2', 'PRDM1', 'PRDM10', 'SCRT1', 'SCRT2', 'SP7', 'ZBTB17', 'ZBTB20', 'ZBTB44', 'ZEB2', 'ZFP37', 'ZNF189', 'ZNF263', 'ZNF366', 'ZNF394', 'ZNF501', 'ZNF600', 'ZNF629', 'ZNF660', 'ZSCAN30', 'ZSCAN5C']","['H3K27ac', 'H3K4me1']"
chr17,11608651,11609151,1.9212417862365263,1.934254412011803,1.856638399228694,1.627586545401888,1.9285297166571185,1.7441093579863256,['ZNF18'],[-0.220374873047835],[0.237480281220431],"['EBF1', 'EBF2', 'FOXA1', 'FOXA2', 'FOXA3', 'FOXF1', 'FOXH1', 'FOXK1', 'FOXL2', 'FOXO1', 'FOXO3', 'FOXP1', 'GRHL2', 'HOXA11', 'HOXA13', 'HOXD11', 'MAFA', 'OLIG2', 'P300', 'PLAGL1', 'SOX10', 'SOX15', 'SOX3', 'SOX4', 'SOX6', 'TAL1', 'TBP', 'ZFX', 'ZNF189', 'ZNF7', 'ZNF711']","['WT1', 'ZNF263']",['H3K4me1']
chr17,14315949,14316529,2.1876277361073253,1.6706727678008977,2.0194022891276333,1.9880971358177144,1.7261021406468615,1.6338294084698988,"['PMP22', 'HS3ST3B1']","[-0.307900428394077, -0.121971557185548]","[0.0038096443308826, 0.18620805158592]","['ATF1', 'ATF2', 'ATF7', 'CREB1', 'CREB5', 'CRX', 'EGR1', 'ELF4', 'ETV1', 'HOXD12', 'JUN', 'JUND', 'KLF14', 'MAZ', 'NANOG', 'NFIL3', 'PLAGL1', 'SMAD2', 'SMAD3', 'SMAD4', 'TAL1', 'TGIF1', 'TGIF2', 'WT1', 'ZBTB7A', 'ZIC1', 'ZIC2', 'ZNF263', 'ZNF467']","['ATF2', 'EGR2', 'FEZF1', 'L3MBTL2', 'PRDM6', 'SP7', 'TRIM28', 'ZBTB17', 'ZBTB20', 'ZFHX2', 'ZNF335', 'ZNF600', 'ZNF629']","['H3K27ac', 'H3K4me1']"
chr17,17246871,17247371,1.585789651305742,1.4755225310146394,1.7478923458255948,1.4657831555250225,1.405063004034921,1.2451928358593023,"['COPS3', 'FLCN']","[0.215933430353686, -0.214809264345074]","[0.009939729659323, 0.0109072309688709]","['ATF3', 'BATF', 'BCL11A', 'ERG', 'ESRRA', 'FLI1', 'FOSL1', 'FOSL2', 'FOXA1', 'FOXA2', 'FOXF1', 'FOXM1', 'FOXO1', 'GATA3', 'GATA4', 'JUN', 'JUNB', 'MAFB', 'NFYA', 'NR2F1', 'RARA', 'RFX6', 'SNAPC1', 'TAL1', 'TGIF1', 'TGIF2', 'TRPS1', 'ZNF7']",['PRDM4'],"['H3K27ac', 'H3K36me3']"
chr17,34401375,34401875,2.1052963571715764,3.2198060513836566,3.216579667120108,2.7328090197559223,2.864832704574967,2.007414207081775,['TMEM132E'],[-2.38116764030127],[2.53155271288285e-06],"['AR', 'ARNTL', 'CDX2', 'CDX4', 'HOXA11', 'HOXA13', 'HOXA9', 'HOXB13', 'HOXD11', 'HOXD13', 'NPAS2', 'PITX1', 'PROP1', 'SMAD3', 'SMAD4', 'TGIF1', 'TGIF2', 'ZNF416']","['GLIS1', 'MAZ', 'OSR2', 'PRDM10', 'ZBTB20', 'ZNF263', 'ZNF366', 'ZNF398', 'ZSCAN21']",['H3K27ac']
chr17,46748480,46749047,1.914082104123564,1.5137621991499015,1.6404599267378568,1.6699031473280093,1.4691580886856976,1.3681584704412697,"['NSF', 'WNT3']","[0.03900291456084, -0.126303780524016]","[0.726504846255883, 0.420687260321902]","['AR', 'BARX1', 'BCL6', 'DLX1', 'DLX2', 'DLX3', 'DLX5', 'EN1', 'EOMES', 'GLI3', 'HOXA11', 'HOXA13', 'HOXA9', 'HOXB13', 'HOXD11', 'HOXD13', 'ISL1', 'LHX1', 'LHX2', 'LHX3', 'NANOG', 'NKX3-1', 'NKX6-1', 'P300', 'PITX1', 'RARA', 'RELA', 'TBR1', 'ZEB1']",['PRDM6'],['H3K4me1']
chr17,67128523,67129023,2.833063814387294,2.9671457856483494,2.7880597217685823,3.02571993367611,2.9651277358972528,2.552502056167362,['HELZ'],[0.0562574232780303],[0.722108666853444],"['BHLHA15', 'BHLHE41', 'CDX2', 'CDX4', 'CRX', 'EHF', 'ELF3', 'ELF4', 'ELF5', 'ELK1', 'ERG', 'ETS1', 'ETV1', 'ETV2', 'ETV4', 'FLI1', 'FOXO1', 'GABPA', 'GLI3', 'HOXA10', 'HOXA11', 'HOXA13', 'HOXA9', 'HOXB13', 'HOXD10', 'HOXD11', 'HOXD12', 'HOXD13', 'LEF1', 'MYBL2', 'NEUROG2', 'NFIX', 'P300', 'PITX1', 'SPDEF', 'SPI1', 'TBX5', 'TBX6', 'TCF4', 'TCF7', 'TCF7L1', 'TCF7L2', 'TFAP2C', 'TWIST2', 'ZIC1', 'ZNF416']","['HIC1', 'OSR2', 'PRDM6', 'ZNF366', 'ZNF843']","['H3K36me3', 'H3K4me1']"
chr17,70344094,70344594,1.2808574477883805,1.5770488392981172,1.332202217582582,1.1825576526275343,1.159446900782388,1.0365856049100115,['KCNJ2'],[-0.960954075080631],[0.0038780203833715],"['BARX1', 'BCL6', 'FOXA1', 'FOXA2', 'FOXA3', 'FOXD3', 'FOXF1', 'FOXK1', 'FOXK2', 'FOXL2', 'FOXO1', 'FOXO3', 'FOXP1', 'HOXA9', 'HOXD12', 'ISL1', 'MAFB', 'NANOG', 'NKX2-5', 'NKX3-1', 'NKX3-2', 'PITX1', 'RUNX1', 'ZBTB12']","['PRDM6', 'ZNF263']",['H3K4me1']
chr17,81306670,81307170,3.344370728761352,4.645575786880223,3.743595025717521,3.1084777201343905,4.131312770051536,3.940885816920919,"['SLC38A10', 'TMEM105']","[-0.159206023426034, -1.02090816928888]","[0.151403580971519, 0.345951015494781]","['AR', 'ESRRA', 'GLI3', 'MEF2B', 'NFIX', 'NR2E1', 'NR2F2', 'PLAGL1', 'RBPJ', 'RFX6', 'SOX10', 'SOX15', 'SOX17', 'SOX2', 'SOX3', 'SOX4', 'SOX6', 'SOX7', 'STAT3', 'STAT4', 'TBX5', 'TGIF1', 'TGIF2', 'THRB', 'ZFX', 'ZIC1', 'ZIC2', 'ZNF263', 'ZNF415', 'ZNF416', 'ZNF711']","['ZFHX2', 'ZNF341']",['H3K27ac']
chr18,496638,497138,1.506421651840213,1.6335736163282495,1.4688328612319064,1.2362481156103986,1.401633322686489,1.6196574804730648,"['COLEC12', 'THOC1']","[0.307695560167104, 0.0337689398487044]","[0.0005740885055459, 0.757234143836814]","['ARNT', 'ASCL1', 'ASCL2', 'ATOH1', 'BHLHA15', 'CUX1', 'DMC1', 'GLI3', 'HOXA1', 'HOXA9', 'HOXC9', 'HOXD12', 'IRF4', 'MEF2B', 'MYF5', 'MYOD1', 'MYOG', 'NEUROG2', 'OLIG2', 'PBX2', 'PDX1', 'POU1F1', 'PTF1A', 'SCRT1', 'TAL1', 'TBX5', 'TCF12', 'TCF21', 'TCF3', 'TCF4', 'TEAD1', 'TEAD2', 'TFAP4', 'TWIST2', 'ZBTB18', 'ZIC1']","['ATF2', 'BCL11A', 'BCL11B', 'CTCF', 'FEZF1', 'GLIS1', 'IKZF3', 'KLF10', 'PATZ1', 'PKNOX1', 'PRDM1', 'PRDM10', 'PRDM4', 'PRDM6', 'REST', 'SCRT1', 'SCRT2', 'SP3', 'SP7', 'TRIM28', 'TSHZ1', 'WT1', 'ZBTB1', 'ZBTB17', 'ZBTB21', 'ZBTB44', 'ZEB1', 'ZFP37', 'ZNF2', 'ZNF24', 'ZNF335', 'ZNF366', 'ZNF394', 'ZNF501', 'ZNF513', 'ZNF558', 'ZNF561', 'ZNF580', 'ZNF600', 'ZNF629', 'ZNF639', 'ZNF654', 'ZNF660', 'ZNF692', 'ZNF792', 'ZNF843', 'ZSCAN21', 'ZSCAN4', 'ZSCAN5C', 'ZXDB']",['H3K4me1']
chr18,49075684,49076184,1.601341910960279,1.5506860317633222,1.8110299159964105,1.5973854582200522,1.7336631998220169,1.6345253667479256,"['DYM', 'SMAD7']","[0.171481715682789, 0.0727786136387012]","[0.0427622545422304, 0.585158177160642]","['ATF1', 'ATF4', 'CRX', 'DDIT3', 'FOXA1', 'FOXF1', 'FOXK1', 'FOXL2', 'FOXO3', 'GATA3', 'GATA4', 'GATA5', 'HLF', 'HOXA11', 'HOXA13', 'HOXA9', 'HOXD10', 'HOXD11', 'HOXD12', 'HOXD13', 'ISL1', 'NFIL3', 'NKX2-1', 'NKX2-2', 'NKX2-5', 'NKX3-1', 'NKX3-2', 'PITX1', 'RBPJ', 'SIX1', 'SIX2', 'STAT3', 'STAT4', 'TBR1', 'TGIF1', 'TRPS1']","['PRDM6', 'ZNF350']",['H3K4me1']
chr18,59908606,59909106,2.326819320589233,2.268773729751892,2.5609096049241424,2.069000133424763,2.120980330088835,2.5621344397999795,['PMAIP1'],[-0.144643208233128],[0.194999436045247],"['CRX', 'ERG', 'FOXD3', 'GSC', 'HOXA11', 'HOXA13', 'HOXA9', 'HOXD10', 'HOXD11', 'HOXD12', 'HOXD13', 'NFATC1', 'PGR', 'PITX1', 'TBX5', 'ZIC1']","['MZF1', 'PRDM10', 'PRDM6', 'ZBTB12', 'ZIC2', 'ZNF335', 'ZNF350', 'ZNF362', 'ZNF600']","['H3K27ac', 'H3K4me1']"
chr19,8449142,8449642,1.182259965445716,1.3278562954582611,1.2183669032913211,1.057065191600087,1.2067563506551096,1.3051674927890755,"['PRAM1', 'HNRNPM']","[-0.289519042119487, 0.164614235462476]","[0.521103691357456, 0.403903911213253]","['ATF3', 'BCL11A', 'ELF4', 'ELF5', 'EOMES', 'FOSL2', 'HOXA11', 'HOXA13', 'HOXB13', 'JUN', 'NKX6-1', 'P300', 'PITX1', 'PRDM15', 'PROP1', 'RELA', 'SMAD3', 'SNAPC1', 'SPI1', 'SPIB', 'TBP', 'TBX21']",['GFI1B'],"['H3K27ac', 'H3K4me1']"
chr19,30621551,30622051,1.6187183289094107,1.832041465531585,2.0465737866497893,1.556065227705347,1.6162705959351764,1.5755800859398956,"['ZNF536', 'TSHZ3']","[0.0507110601483841, 0.289088577679422]","[0.714277676607482, 0.0050297831209721]","['ASCL1', 'ASCL2', 'BHLHA15', 'DLX1', 'EBF1', 'HOXB4', 'IRF4', 'LHX3', 'MYF5', 'MYOD1', 'MYOG', 'NKX2-1', 'NKX2-2', 'NKX6-1', 'PBX2', 'PDX1', 'PLAGL1', 'PTF1A', 'RFX6', 'SIX2', 'SNAI2', 'TAL1', 'TCF12', 'TCF21', 'TCF3', 'TFAP2A', 'TFAP2C', 'TFAP4', 'THRB', 'TWIST2', 'ZEB1', 'ZNF692']","['GLIS1', 'KLF9', 'PKNOX1', 'PRDM6', 'YY1', 'ZNF335']","['H3K27ac', 'H3K4me1']"
chr19,34214929,34215429,3.0699522731511237,3.3036661985058284,3.554575524181213,3.515521349983191,3.99146733948954,3.2721862382251032,"['GPI', 'LSM14A']","[0.170864838517472, 0.183211892453554]","[0.05177072438287, 0.0105709820991896]","['AR', 'ASCL1', 'ASCL2', 'ATOH1', 'BHLHA15', 'GATA1', 'GATA2', 'GATA3', 'GATA4', 'GATA5', 'MYBL1', 'MYF5', 'MYOD1', 'MYOG', 'NANOG', 'NEUROD1', 'NEUROG2', 'NFIX', 'NKX3-1', 'OLIG2', 'PGR', 'PITX1', 'PTF1A', 'SMAD3', 'TAL1', 'TCF12', 'TCF21', 'TCF3', 'TCF4', 'TFAP4', 'TGIF2', 'TRPS1', 'TWIST2', 'ZEB1', 'ZEB2', 'ZFX', 'ZIC1', 'ZNF263', 'ZNF415', 'ZNF711']","['IKZF3', 'PRDM6', 'ZBTB17', 'ZNF449', 'ZNF600', 'ZNF629']","['H3K27ac', 'H3K36me3', 'H3K4me1']"
chr19,38342725,38343225,5.846077139797175,6.604945536498628,8.108330430917261,7.067368408519594,6.5890693868658445,5.294922420085271,"['PSMD8', 'CATSPERG']","[0.171725778270255, -1.4413954573994]","[0.0770279656812641, 4.81492465973275e-05]","['AR', 'ERG', 'ESRRA', 'ETV1', 'ETV2', 'ETV4', 'FLI1', 'FOXH1', 'GABPA', 'GLI3', 'MEIS1', 'NKX6-1', 'PLAGL1', 'SNAPC1', 'TAL1', 'TBX5', 'TEAD4', 'TGIF1', 'TGIF2', 'THRB', 'TP53', 'ZBTB12', 'ZFX', 'ZIC1', 'ZNF165', 'ZNF322', 'ZNF416', 'ZNF711']","['MAZ', 'ZNF76', 'ZNF770']",['H3K27ac']
chr19,38674674,38675269,2.100421148848114,2.130653348743884,2.743589922366203,1.9909870870298243,2.0903205321126253,2.4484517928593275,"['ACTN4', 'CAPN12']","[0.181166291152148, -0.243047458394372]","[0.0348913239607145, 0.619893679815628]","['ARNTL', 'ATF3', 'BCL11A', 'JUN', 'KLF6', 'MAFA', 'MAFB', 'MAFK', 'MAX', 'MITF', 'MYBL2', 'MYC', 'MYCN', 'NKX2-1', 'NPAS1', 'NPAS4', 'PITX1', 'TAL1', 'ZBTB18']","['ZBTB10', 'ZBTB17', 'ZNF600']",['H3K27ac']
chr2,1728495,1729096,2.460928496757032,2.625176070974045,2.521196649973025,1.9449374359006009,2.077878668159468,2.13669400880542,['PXDN'],[-1.82208262803229],[1.4927450238034502e-15],"['AR', 'ASCL2', 'BCL11A', 'DMRT1', 'DMRTB1', 'E2F3', 'ESRRG', 'FOXA1', 'FOXH1', 'FOXK1', 'MYF5', 'MYOG', 'NKX2-1', 'NKX2-2', 'NKX3-2', 'NPAS4', 'PGR', 'PITX1', 'PLAGL1', 'PTF1A', 'SCRT1', 'SNAI1', 'SNAI2', 'SOX3', 'SOX9', 'TBX5', 'TCF12', 'TCF3', 'TEAD1', 'TEAD2', 'TEAD3', 'TEAD4', 'TGIF1', 'TGIF2', 'THRB', 'ZEB1', 'ZEB2']","['ZNF18', 'ZNF677']",['H3K4me1']
chr2,30421865,30422365,1.723455949729236,1.858101770873095,1.7877241182757284,1.5133897879266898,1.780632612081099,1.797378708550238,"['LBH', 'LCLAT1']","[-0.740605711705871, -0.0250346368718811]","[7.5908830935739e-05, 0.850150479073427]","['CRX', 'EOMES', 'ESRRA', 'NFATC1', 'PRDM15', 'SMAD2', 'SMAD3', 'SMAD4', 'SOX10', 'SOX15', 'SOX17', 'SOX2', 'SOX3', 'SOX4', 'SOX6', 'TBR1', 'TBX21', 'TGIF1', 'TGIF2', 'THRB', 'ZIC3', 'ZNF263', 'ZNF652']","['ATF2', 'FEZF1', 'MAZ', 'PATZ1', 'PRDM6', 'ZBTB17', 'ZBTB20', 'ZBTB21', 'ZBTB44', 'ZEB2', 'ZIC2', 'ZNF335', 'ZNF384', 'ZNF518A', 'ZSCAN4']","['H3K27ac', 'H3K4me1']"
chr2,47533649,47534149,2.822997752539152,2.647004668500744,2.685792370931482,2.525459199648956,2.444648395441878,2.69582121535577,"['MSH2', 'KCNK12']","[0.206598929677845, -0.953110019083367]","[0.0146715755881702, 0.0247963904953886]","['AR', 'E2F3', 'EBF1', 'EBF2', 'NANOG', 'PGR', 'PLAGL1', 'TAL1', 'THRB', 'ZNF263']","['BCL11B', 'GLI2', 'GLIS1', 'GLIS2', 'HIC1', 'IKZF3', 'INSM2', 'KLF16', 'KLF8', 'MAZ', 'MYNN', 'PATZ1', 'ZBTB21', 'ZBTB8A', 'ZFHX2', 'ZNF146', 'ZNF24', 'ZNF366', 'ZNF394', 'ZNF488', 'ZNF518A', 'ZNF558', 'ZNF580', 'ZNF660', 'ZNF692', 'ZSCAN4', 'ZXDB']",['H3K4me1']
chr2,58614050,58614550,1.6909648412508054,1.8149365428956363,1.822078097488666,1.542659592351783,1.7235531711896872,1.8208695413928435,['FANCL'],[0.114069654590253],[0.276267130260809],"['AR', 'CRX', 'EOMES', 'HNF1A', 'HNF1B', 'IRF1', 'IRF2', 'IRF3', 'IRF7', 'IRF8', 'NKX2-1', 'OLIG2', 'PGR', 'PITX1', 'PRDM1', 'RARA', 'STAT6', 'TBR1', 'TBX5', 'TBX6', 'THRB', 'TP63', 'ZNF189', 'ZNF7']","['FEZF1', 'OSR2', 'PRDM6', 'SP7', 'WT1', 'ZNF362', 'ZNF843']",['H3K4me1']
chr2,109262041,109262541,1.9378952363091848,1.7742737020682382,1.884639497133729,1.8796773504299944,1.7173844053658158,1.7411815964741193,['SH3RF3'],[-0.777736300789899],[8.44078099709453e-09],"['AR', 'IRF4', 'ISL1', 'KLF14', 'KLF6', 'NANOG', 'NFATC1', 'NKX2-1', 'NKX2-5', 'NKX3-1', 'NKX3-2', 'PDX1', 'PRDM1', 'RUNX1', 'SIX2', 'SMAD3', 'TAL1', 'ZEB1', 'ZIC1', 'ZNF189', 'ZNF652']",,['H3K4me1']
chr2,174998387,174998887,2.7523143254673026,2.4137566622827147,2.288910636864241,2.3428825941146414,2.217217869336816,2.055446743956112,"['CHRNA1', 'CHN1']","[-0.392075302695063, -0.369941627672215]","[0.792281430795692, 0.0003265194473049]","['ASCL1', 'ASCL2', 'ATF3', 'ATOH1', 'BACH2', 'BATF', 'BCL6', 'BHLHA15', 'CRX', 'FOSL1', 'FOSL2', 'FOXM1', 'FOXO1', 'HOXD12', 'IRF1', 'IRF8', 'JUN', 'JUNB', 'MAFF', 'MEIS1', 'MYF5', 'MYOD1', 'MYOG', 'NEUROD1', 'NEUROG2', 'NFATC1', 'NFIA', 'NFYA', 'NKX2-5', 'NKX3-1', 'NR2E1', 'NR2F2', 'OLIG2', 'PRDM1', 'PRDM10', 'PTF1A', 'RBPJ', 'SOX10', 'SOX15', 'SOX17', 'SOX2', 'SOX3', 'SOX4', 'SOX6', 'STAT1', 'STAT3', 'STAT4', 'STAT5A', 'STAT6', 'TAL1', 'TBX20', 'TCF12', 'TCF21', 'TCF3', 'TCF4', 'TFAP4', 'THRB', 'TWIST1', 'TWIST2', 'ZIC1', 'ZNF711']","['IKZF3', 'INSM2', 'KLF10', 'OSR2', 'PRDM1', 'PRDM6', 'SP7', 'ZBTB17', 'ZBTB44', 'ZEB2', 'ZNF189', 'ZNF24', 'ZNF335', 'ZNF362', 'ZNF366', 'ZNF384', 'ZNF394', 'ZNF501', 'ZNF600', 'ZNF629', 'ZNF660', 'ZNF692', 'ZXDB']",['H3K4me1']
chr2,181395851,181396351,1.3969010487901772,1.0812188221930308,1.052198380722304,1.047857812109819,1.1255141878232973,0.8491963173730106,"['ITGA4', 'UBE2E3']","[-0.273503844328539, 0.236085982135275]","[0.210714386661864, 0.012450439598847]","['ARNTL', 'BCL11A', 'BHLHE41', 'CRX', 'EOMES', 'GSC', 'HOXA13', 'IRF8', 'MITF', 'MYC', 'NFIL3', 'OTX2', 'PITX1', 'RUNX1', 'RUNX2', 'SIX1', 'SIX2', 'SOX10', 'SOX3', 'SOX4', 'SOX6', 'TBR1', 'TFE3', 'TRPS1', 'USF1', 'USF2', 'ZNF263']",['ZBTB6'],['H3K4me1']
chr2,181613242,181613742,1.9409028034636413,1.9238937417397235,2.1957839367115657,1.5023123443761632,1.6443551907614664,2.212642304258114,"['ITGA4', 'CERKL']","[-0.273503844328539, -0.247115990972532]","[0.210714386661864, 0.483284356663405]","['EHF', 'ELF3', 'ELF4', 'ELF5', 'ERG', 'ETS1', 'ETV1', 'ETV2', 'ETV4', 'FLI1', 'FOXA2', 'GABPA', 'HINFP', 'HOXA9', 'HOXD12', 'LHX3', 'NFIX', 'PGR', 'PITX1', 'PRDM1', 'PRDM15', 'RBPJ', 'RUNX1', 'SPDEF', 'SRF', 'STAT4', 'ZNF189', 'ZNF263', 'ZNF415']","['ZBTB20', 'ZNF335']",['H3K4me1']
chr2,200713670,200714170,1.9105621058057796,1.6745416142835607,1.6211869176363678,1.79080505363733,1.4877504118923897,1.5385946379131377,"['BZW1', 'AOX1']","[0.23077253405651, 0.790049709024119]","[0.0467138514077902, 0.35755126703171]","['AR', 'ARNTL', 'HOXA1', 'MNT', 'MYC', 'MYCN', 'NFATC1', 'NKX2-1', 'NKX2-2', 'NKX2-5', 'NPAS1', 'NPAS2', 'PBX2', 'PDX1', 'PGR', 'PLAGL1', 'SIX2', 'SMAD2', 'SMAD3', 'SMAD4', 'TBX21', 'THAP11', 'THRA', 'THRB', 'ZNF189', 'ZNF467']","['TRIM28', 'ZNF335', 'ZNF518A']",['H3K27ac']
chr2,234004254,234004754,1.6328242452381176,1.8945377849725744,1.482015504545615,1.4060777724720048,1.5937328814506562,1.61761387027273,,,,"['ATF1', 'ATF2', 'ATF7', 'CREB1', 'CREB5', 'DMC1', 'E2F3', 'FOXH1', 'IRF1', 'IRF2', 'IRF3', 'IRF4', 'IRF7', 'IRF8', 'JUN', 'JUND', 'NANOG', 'NFIL3', 'NFIX', 'NKX2-1', 'NKX3-2', 'PITX1', 'PLAGL1', 'PRDM1', 'RUNX1', 'TEAD1', 'TEAD3', 'TGIF2', 'ZFX', 'ZIC1']","['ATF2', 'FEZF1', 'GLIS1', 'GLIS2', 'HIC1', 'IKZF3', 'OSR2', 'PATZ1', 'PRDM1', 'PRDM10', 'PRDM6', 'SP7', 'TSHZ1', 'ZBTB17', 'ZBTB21', 'ZIC2', 'ZNF184', 'ZNF189', 'ZNF335', 'ZNF366', 'ZNF558', 'ZNF561', 'ZNF596', 'ZNF629', 'ZNF660', 'ZNF692']",['H3K4me1']
chr20,2820258,2820758,4.692430426481815,4.920866679012923,4.320416260316967,3.9310663621765087,3.757909256863465,4.054136571644574,['PCED1A'],[0.0901087220696907],[0.471523430671057],"['E2F4', 'EBF1', 'EBF2', 'ELK1', 'ELK4', 'ESRRA', 'FLI1', 'KLF14', 'MAZ', 'MEIS1', 'RARA', 'SP2', 'TAL1', 'TGIF1', 'TGIF2', 'THRB', 'WT1', 'ZNF281', 'ZNF467', 'ZNF711']","['BCL11A', 'EGR2', 'FEZF1', 'GLIS1', 'GLIS2', 'HIC1', 'PRDM10', 'PRDM6', 'TRIM28', 'WT1', 'ZEB2', 'ZFHX2', 'ZNF18', 'ZNF335', 'ZNF341', 'ZXDB']","['H3K27ac', 'H3K4me1']"
chr20,57006846,57007346,3.180504571076232,3.143587215831696,3.388190434668389,2.9700319702962954,3.2637675738599303,3.3678495986837054,"['BMP7', 'TFAP2C']","[-0.0439442447138737, -0.57764224743305]","[0.709911654302395, 5.4486899177636e-05]","['AR', 'ATF3', 'BATF', 'CRX', 'EBF1', 'EBF2', 'EOMES', 'FOSL1', 'GATA1', 'GATA2', 'GATA3', 'GATA4', 'GATA5', 'HOXA13', 'JUN', 'JUNB', 'PBX2', 'PITX1', 'RELA', 'SOX10', 'SOX15', 'SOX3', 'SOX4', 'SPDEF', 'STAT6', 'TBP', 'TBR1', 'TRPS1', 'ZFX', 'ZNF467', 'ZNF711']","['FEZF1', 'GFI1B', 'GLIS1', 'OSR2', 'PKNOX1', 'PRDM6', 'SP7', 'TSHZ1', 'WT1', 'ZNF629']",['H3K4me1']
chr21,15848049,15848549,1.656293649895798,1.5830470703701405,1.4298983286367448,1.4398641537297574,1.3105519257508833,1.2892896503657858,['USP25'],[-0.270238846709848],[0.0029725979753812],"['ARNTL', 'CLOCK', 'CUX1', 'DLX1', 'DLX2', 'EN1', 'FOXA1', 'FOXF1', 'FOXK1', 'FOXK2', 'FOXL2', 'FOXM1', 'FOXO3', 'GATA1', 'GATA2', 'GATA3', 'GATA4', 'GATA5', 'HOXD11', 'HOXD12', 'MITF', 'MNT', 'MYB', 'MYBL2', 'NANOG', 'NKX2-2', 'NKX2-5', 'NKX3-1', 'NKX3-2', 'NKX6-1', 'NPAS1', 'NPAS2', 'PBX2', 'PITX1', 'STAT6', 'TAL1', 'TBXT', 'TEAD1', 'TEAD3', 'TRPS1', 'USF1', 'USF2']",['ZNF629'],['H3K4me1']
chr21,26167201,26167701,1.0260188611488694,1.1809578369617864,1.4924729323500074,1.0718218933991113,1.152809870835692,1.3552378970305607,['APP'],[-0.409757033573258],[5.14962869804551e-07],"['ARNTL', 'BHLHE40', 'BHLHE41', 'CLOCK', 'CUX1', 'DLX2', 'DLX3', 'DLX5', 'EN1', 'HOXA10', 'HOXA13', 'HOXA9', 'ISL1', 'LHX1', 'LHX3', 'MAX', 'MEIS1', 'MITF', 'MNT', 'MYC', 'MYCN', 'NKX2-1', 'NKX6-1', 'NPAS1', 'NPAS2', 'NR5A2', 'PBX2', 'PBX3', 'PHOX2A', 'PKNOX1', 'PROP1', 'SOX17', 'SOX6', 'SOX9', 'STAT6', 'TBP', 'TGIF1', 'TGIF2', 'USF1']","['ATF2', 'BCL11B', 'FEZF1', 'IKZF3', 'MZF1', 'PRDM10', 'PRDM4', 'PRDM6', 'SP7', 'TRIM28', 'ZBTB17', 'ZBTB44', 'ZNF366', 'ZNF398', 'ZNF629', 'ZNF692', 'ZNF843', 'ZSCAN21', 'ZSCAN23', 'ZXDB']",['H3K4me1']
chr22,24507150,24507650,2.0344731815845867,1.7853698594471097,1.8995535464136628,1.5741140373059062,1.5675314210015738,1.7128589405266077,"['SNRPD3', 'UPB1']","[0.287811992871201, -0.13270044087897]","[0.0049776791926847, 0.828268441504983]","['AR', 'ATF1', 'BCL6', 'E2F3', 'E2F4', 'EBF2', 'EHF', 'ELF1', 'ELK1', 'ELK4', 'ERG', 'ETV1', 'ETV4', 'FLI1', 'FOXA1', 'FOXA2', 'FOXA3', 'FOXM1', 'GABPA', 'GLI3', 'MEIS1', 'MYBL1', 'NFIX', 'NFYA', 'NKX2-1', 'NKX2-2', 'NKX2-5', 'OLIG2', 'PLAGL1', 'TAL1', 'TBX5', 'TGIF2', 'ZBTB7A', 'ZIC1', 'ZNF189', 'ZNF415']","['FEZF1', 'GLI2', 'GLIS1', 'KLF17', 'MZF1', 'OSR2', 'PRDM4', 'PRDM6', 'SCRT2', 'SP7', 'TRIM28', 'TSHZ1', 'WT1', 'YY2', 'ZBTB17', 'ZEB2', 'ZNF189', 'ZNF24', 'ZNF324', 'ZNF335', 'ZNF394', 'ZNF398', 'ZNF449', 'ZNF488', 'ZNF558', 'ZNF639']",['H3K4me1']
chr22,38696748,38697248,1.5122719108187517,1.4278631852160124,1.3655417279373845,1.2835557420003794,1.3654767591505408,1.225760713486961,"['JOSD1', 'TOMM22']","[0.0803989578669305, 0.324914346827]","[0.31897761258211, 0.0027224050982146]","['CUX1', 'CUX2', 'DLX1', 'DLX2', 'DLX3', 'DLX5', 'E2F3', 'E2F4', 'E2F6', 'EN1', 'GATA1', 'GATA2', 'GATA3', 'GATA4', 'GATA5', 'HOXA11', 'HOXA13', 'HOXA9', 'HOXD11', 'HOXD12', 'HOXD13', 'ISL1', 'LHX1', 'LHX3', 'NANOG', 'NKX2-1', 'NKX2-2', 'NKX6-1', 'NR5A2', 'ONECUT1', 'ONECUT2', 'P300', 'PITX1', 'PRDM14', 'PRDM15', 'RARA', 'TBP', 'TBR1', 'TRPS1', 'ZFX', 'ZIC1', 'ZNF711']","['PRDM1', 'SP7', 'TSHZ1', 'ZBTB17', 'ZEB2', 'ZFP37', 'ZNF239', 'ZNF335', 'ZNF391', 'ZNF660']","['H3K27ac', 'H3K36me3']"
chr22,42229653,42230153,2.18457049237674,2.3971570230070878,2.929357172945733,2.118495141874199,2.254833056734881,2.301532736425328,"['NFAM1', 'TCF20']","[-2.45792846139915, 0.0384468436696899]","[0.0055314183145586, 0.766239897495173]","['E2F6', 'FOXA1', 'FOXD3', 'FOXM1', 'GATA1', 'GATA2', 'GATA3', 'GATA4', 'GATA5', 'HOXD12', 'MYBL2', 'NANOG', 'NKX3-2', 'NKX6-1', 'PGR', 'PTF1A', 'SCRT1', 'SMAD3', 'TAL1', 'TBX21', 'TFAP4', 'THRA', 'THRB', 'TRPS1', 'ZEB1', 'ZFP809', 'ZIC2', 'ZIC3']","['SCRT1', 'SCRT2']",['H3K4me1']
chr22,42459277,42459777,2.2930733608687195,2.4837538925551943,2.638724990014903,2.672149044650759,2.782507350288689,2.54363920180567,"['NFAM1', 'RRP7A']","[-2.45792846139915, 0.227260006433324]","[0.0055314183145586, 0.0079369109642443]","['CDX4', 'GATA1', 'GATA2', 'GATA3', 'GATA4', 'GATA5', 'HOXA11', 'HOXA13', 'HOXA9', 'HOXC9', 'HOXD10', 'HOXD11', 'LHX3', 'NKX2-1', 'NKX2-2', 'NKX2-5', 'NKX3-1', 'NKX3-2', 'PBX2', 'PDX1', 'POU1F1', 'TEAD1', 'TEAD2', 'TEAD3', 'TEAD4', 'TGIF1', 'TGIF2', 'TRPS1', 'ZNF415']","['FEZF1', 'GFI1B', 'GLIS1', 'IKZF3', 'L3MBTL2', 'MAZ', 'PRDM4', 'PRDM6', 'SP7', 'TRIM28', 'YY1', 'YY2', 'ZBTB17', 'ZBTB44', 'ZEB2', 'ZNF10', 'ZNF263', 'ZNF335', 'ZNF561', 'ZNF660', 'ZNF843', 'ZXDB']","['H3K27ac', 'H3K4me1']"
chr3,128280756,128281256,2.5911445870817413,2.8291537783466256,2.5455617416986778,2.128175183984641,1.9838750889570629,2.436423718034456,['EEFSEC'],[-0.0788009987540121],[0.528486142512632],"['AR', 'ASCL1', 'ASCL2', 'ATOH1', 'BHLHA15', 'DMC1', 'EHF', 'ELK4', 'EN1', 'EOMES', 'ERG', 'ESRRB', 'ESRRG', 'ETS1', 'ETV1', 'ETV2', 'ETV4', 'FLI1', 'FOXA1', 'FOXA2', 'FOXD3', 'FOXM1', 'GABPA', 'GLI3', 'HAND2', 'HOXA10', 'HOXA11', 'HOXA13', 'HOXA9', 'HOXD10', 'HOXD11', 'HOXD12', 'HOXD13', 'LHX3', 'MAFA', 'MAZ', 'MEIS1', 'MYF5', 'MYOD1', 'MYOG', 'NEUROG2', 'NKX3-1', 'NKX6-1', 'NR2F1', 'NR2F2', 'NR2F6', 'OLIG2', 'PITX1', 'PTF1A', 'RARA', 'SMAD3', 'SNAI1', 'SNAI2', 'SOX10', 'SOX15', 'SOX17', 'SOX2', 'SOX3', 'SOX6', 'SOX7', 'SOX9', 'TAL1', 'TBX20', 'TBX5', 'TCF12', 'TCF21', 'TCF3', 'TCF4', 'TFAP4', 'TGIF1', 'TGIF2', 'THRB', 'TP63', 'TWIST2', 'YY1', 'ZEB1', 'ZFP57', 'ZIC1', 'ZIC2', 'ZIC3', 'ZNF467']","['MAZ', 'PRDM1', 'ZIC2']",['H3K27ac']
chr3,138775185,138775685,2.496118360761138,2.911960011500621,3.503868807335593,3.0036992051172384,2.968398097370668,2.448302646164994,"['FOXL2', 'PIK3CB']","[-2.34059333019826, 0.0452903886831033]","[0.177240491180217, 0.690800152022697]","['AR', 'ATF1', 'ATF2', 'ATF7', 'CEBPA', 'CREB5', 'DLX1', 'DLX2', 'DLX3', 'DLX5', 'EN1', 'GLI3', 'HLF', 'JUN', 'LHX1', 'LHX2', 'LHX3', 'MYB', 'MYBL1', 'MYBL2', 'NANOG', 'NFIL3', 'NKX3-2', 'NKX6-1', 'SMAD4', 'TBR1', 'THRB', 'TP53', 'TP63']","['ZNF189', 'ZNF366']","['H3K27ac', 'H3K4me1']"
chr3,140180760,140181260,2.224936635342223,2.330267678699474,2.5915544187036077,2.054107965582989,2.160309690067576,2.365943841553939,['CLSTN2'],[-1.61870455573724],[9.40915071146491e-07],"['ARNTL', 'CLOCK', 'EOMES', 'GATA1', 'GATA2', 'GATA3', 'GATA4', 'GATA5', 'GLI3', 'KLF14', 'KLF5', 'KLF6', 'MAX', 'MITF', 'MNT', 'MYCN', 'NANOG', 'NEUROG2', 'NFIX', 'NPAS1', 'NPAS2', 'OLIG2', 'PITX1', 'SMAD2', 'SMAD3', 'SMAD4', 'TBX5', 'TFAP2A', 'TFAP2C', 'TRPS1', 'WT1', 'ZBTB7A']","['FEZF1', 'TRIM28', 'ZBTB8A', 'ZNF335', 'ZNF366']",['H3K4me1']
chr3,159820922,159821422,3.0057405744049954,3.4269819351935045,3.707582110087662,2.8531715393085824,3.310305215134959,2.9682832878214005,['SCHIP1'],[0.138019460292447],[0.787464266885118],"['LEF1', 'LHX1', 'NANOG', 'NFATC1', 'NKX3-1', 'NKX6-1', 'PITX1', 'PRDM1', 'SIX2', 'SOX15', 'SOX3', 'TBP', 'TCF7L1']","['EGR2', 'HIC1', 'MZF1', 'PRDM1', 'PRDM10', 'REST', 'WT1', 'ZBTB17', 'ZBTB20', 'ZFHX2', 'ZFP3', 'ZNF680']",['H3K27ac']
chr3,169241554,169242054,1.561527850952979,1.6840162760111963,1.7799340585825936,1.5125182706287188,1.6559285183347388,1.574377169398485,"['ACTRT3', 'MECOM']","[0.290108255006772, 0.101472191381713]","[0.292229024087193, 0.361922430166184]","['ATF4', 'BCL6', 'CDX4', 'DDIT3', 'DMC1', 'EHF', 'ELF3', 'ELF4', 'ELF5', 'ELK1', 'ELK4', 'ERG', 'ETS1', 'ETV1', 'ETV2', 'ETV4', 'FLI1', 'GABPA', 'HLF', 'HOXA11', 'LEF1', 'MITF', 'NANOG', 'NFIL3', 'NKX2-1', 'PITX1', 'PRDM1', 'SMAD3', 'SPDEF', 'STAT4', 'THRB']","['FEZF1', 'INSM2', 'PKNOX1', 'PRDM10', 'PRDM6', 'TRIM28', 'ZBTB17', 'ZFP69B', 'ZNF2', 'ZNF341']","['H3K27ac', 'H3K4me3']"
chr3,193975016,193975516,3.007045967696007,2.592316969964124,2.7122270788732568,2.622698388152765,2.1303387086788232,2.6010145221471506,"['OPA1', 'HES1']","[0.235729965762397, -0.192981640366064]","[0.0108292311000909, 0.121148166289722]","['CRX', 'EOMES', 'NANOG', 'PITX1', 'STAT3', 'TFCP2L1', 'ZNF415']","['ZBTB17', 'ZNF341', 'ZNF600']",['H3K4me1']
chr3,194571804,194572304,3.34551994368556,3.5817744579052464,3.5682586912328658,3.1623160358589337,3.824053943281581,4.128600762155016,"['ATP13A3', 'LSG1']","[0.278115357422522, 0.135619728516663]","[0.0738208560255164, 0.229328224857571]","['AR', 'EBF1', 'EBF2', 'EOMES', 'ESRRA', 'GATA3', 'GATA4', 'GATA5', 'MEF2B', 'MEIS1', 'NKX2-1', 'NKX2-2', 'NKX2-5', 'NKX3-1', 'NKX3-2', 'PGR', 'RELA', 'TEAD1', 'TEAD3', 'TEAD4', 'TFAP2A', 'TFAP2C', 'TGIF1', 'TGIF2', 'TRPS1', 'ZBTB7A']","['BCL11A', 'GLI2', 'GLIS1', 'GLIS2', 'IKZF3', 'KLF10', 'KLF16', 'KLF8', 'L3MBTL2', 'MAZ', 'MYNN', 'MZF1', 'OSR2', 'PRDM6', 'SCRT2', 'SP2', 'SP3', 'SP7', 'TRIM28', 'ZBTB10', 'ZBTB17', 'ZBTB48', 'ZBTB8A', 'ZEB1', 'ZEB2', 'ZFHX2', 'ZFP3', 'ZFP37', 'ZIC2', 'ZNF10', 'ZNF146', 'ZNF18', 'ZNF184', 'ZNF189', 'ZNF2', 'ZNF24', 'ZNF263', 'ZNF280D', 'ZNF324', 'ZNF335', 'ZNF341', 'ZNF366', 'ZNF391', 'ZNF394', 'ZNF398', 'ZNF501', 'ZNF558', 'ZNF623', 'ZNF629', 'ZNF664', 'ZNF76', 'ZNF770', 'ZNF843', 'ZSCAN21', 'ZSCAN23', 'ZSCAN30', 'ZSCAN4', 'ZXDB']",['H3K27ac']
chr4,3436777,3437277,5.081551714355035,4.985083805696537,4.528711550444213,5.067423962222818,4.270559136485741,4.325665503070688,['HGFAC'],[-0.113621554460022],[0.907849764920216],"['GLI2', 'GLI3', 'NFIX', 'PGR', 'PLAGL1', 'PRDM15', 'SIX2', 'SOX9', 'TBX5', 'TEAD4', 'THRB', 'TP53', 'TP63', 'TP73', 'ZBTB7A', 'ZFX', 'ZIC1', 'ZNF165', 'ZNF263', 'ZNF416', 'ZNF711']","['GLIS1', 'GLIS2', 'HIC1', 'KLF1', 'KLF17', 'KLF7', 'REST', 'SCRT2', 'SP7', 'ZBTB20', 'ZBTB48', 'ZFHX2', 'ZFP37', 'ZIC2', 'ZNF223', 'ZNF263', 'ZNF335', 'ZNF394', 'ZNF600', 'ZNF692']",['H3K27ac']
chr4,24434337,24434837,3.681849395520609,3.5960630686723807,2.083784219134332,3.15825292010685,3.0416114045989007,3.352153090951043,"['DHX15', 'PPARGC1A']","[0.423149898322358, -1.0508697717585]","[1.77781813276255e-05, 5.33229735615833e-08]","['AR', 'ARNT', 'ASCL1', 'BHLHE41', 'CREB1', 'EBF1', 'EBF2', 'GLI3', 'HAND2', 'KLF1', 'KLF3', 'KLF4', 'KLF5', 'KLF6', 'MAZ', 'MEF2B', 'MITF', 'MYF5', 'MYOD1', 'MYOG', 'NFATC1', 'NKX2-5', 'NR2F1', 'NR2F2', 'NR2F6', 'PLAGL1', 'PRDM1', 'PTF1A', 'RARA', 'RBPJ', 'RFX6', 'SMAD2', 'SMAD3', 'SNAI1', 'SNAI2', 'SP2', 'SP5', 'TAL1', 'TBX5', 'TCF12', 'TFAP4', 'TGIF2', 'THRB', 'ZBTB7A', 'ZEB1', 'ZIC1', 'ZNF264', 'ZNF692']","['FEZF1', 'GLIS1', 'OSR2', 'OVOL3', 'PATZ1', 'PRDM4', 'PRDM6', 'TRIM28', 'ZBTB48', 'ZNF24', 'ZNF335', 'ZNF692', 'ZNF843', 'ZSCAN30', 'ZXDB']",['H3K4me1']
chr4,54144976,54145476,1.5105817771994026,1.576114937498296,1.3343978958789386,1.4159766271010863,1.6442487286135703,1.350063267612464,['PDGFRA'],[-0.587347221074493],[0.0298508630887867],"['CRX', 'EHF', 'ELF3', 'ELF4', 'ELF5', 'EOMES', 'ERG', 'ESRRA', 'ETV1', 'GSC', 'ISL1', 'MEIS1', 'NANOG', 'OTX2', 'PGR', 'PITX1', 'PRDM15', 'RARA', 'RBPJ', 'TAL1', 'TBR1', 'TBX21', 'TBX5', 'TBX6', 'TEAD3', 'TGIF1', 'TGIF2', 'ZNF711']","['FEZF1', 'PRDM6', 'ZNF664']",['H3K27ac']
chr5,51257471,51257971,2.345626874132717,2.133476425934462,2.5926065741109205,1.9636789501355691,1.6461075915133396,1.9108030792296888,"['PARP8', 'ISL1']","[-0.0671854798354069, 0.201913516990241]","[0.498522847272047, 0.122110047041545]","['CDX2', 'CDX4', 'CRX', 'EHF', 'ELF3', 'ELF4', 'ELF5', 'ERG', 'ETS1', 'ETV1', 'GABPA', 'HOXA11', 'HOXA13', 'HOXA9', 'HOXB13', 'HOXD11', 'HOXD13', 'MYB', 'MYBL2', 'NFATC1', 'NKX2-1', 'NKX2-5', 'PGR', 'SOX10', 'SOX3', 'TBX5', 'TGIF1', 'TGIF2', 'ZNF263']","['TRIM28', 'ZNF263']",['H3K4me1']
chr5,55592851,55593351,2.238757935782619,2.4632751073716634,2.5581276128101065,2.1450427000430485,2.1647460603196245,2.0636874614154173,"['SLC38A9', 'PLPP1']","[0.205734898555173, 0.0731650736519824]","[0.0304682948231856, 0.704313483945392]","['ARNTL', 'ATF1', 'ATF3', 'BATF', 'CLOCK', 'CUX1', 'FOSL1', 'FOSL2', 'FOXO1', 'GATA3', 'HOXA9', 'ISL1', 'JUN', 'JUNB', 'MAFA', 'MAFB', 'MEIS1', 'MITF', 'NANOG', 'NFATC1', 'NKX2-1', 'NKX2-2', 'NKX2-5', 'NKX3-2', 'NPAS1', 'NPAS2', 'OLIG2', 'PDX1', 'PITX1', 'POU1F1', 'TAL1', 'TBX5', 'TGIF1', 'TGIF2', 'THRB', 'TRPS1']","['FEZF1', 'FOXM1', 'GLIS1', 'HIC1', 'IKZF3', 'KLF8', 'PATZ1', 'PRDM10', 'PRDM6', 'TRIM28', 'WT1', 'ZBTB44', 'ZEB2', 'ZNF189', 'ZNF335', 'ZNF366', 'ZNF394', 'ZNF596', 'ZNF629', 'ZNF660', 'ZNF664', 'ZNF692', 'ZSCAN21', 'ZSCAN30', 'ZSCAN5C']",['H3K27ac']
chr5,56716942,56717442,1.313246067466595,1.729634584724162,1.972152921680706,1.6218144626788122,1.7904512217291584,1.2306557968557563,"['MAP3K1', 'IL6ST']","[-0.117042841885119, 0.0622378245964863]","[0.383690238023615, 0.70699692695966]","['CRX', 'DLX1', 'DLX2', 'DLX3', 'DLX5', 'EN1', 'EOMES', 'GATA3', 'GFI1B', 'GSC', 'HLF', 'MEF2A', 'MEF2B', 'MEF2C', 'MYB', 'NFIL3', 'NKX2-1', 'NKX3-1', 'NKX6-1', 'PGR', 'PITX1', 'POU1F1', 'SOX10', 'SOX15', 'SOX3', 'SOX4', 'SOX6', 'TRPS1']","['KLF1', 'ZNF770']",['H3K4me1']
chr5,73390952,73391452,1.2660634538500235,1.397412466125062,1.4001893301342532,1.1077454272016565,1.1766405658400476,1.1958712842537376,['FOXD1'],[-0.107305402730831],[0.422121657236749],"['AR', 'ARNT', 'ATF1', 'ATF2', 'ATF4', 'ATF7', 'CREB5', 'CRX', 'CUX1', 'DDIT3', 'FOXA1', 'FOXA2', 'FOXA3', 'FOXD3', 'FOXF1', 'FOXK1', 'FOXL2', 'FOXM1', 'FOXO1', 'FOXO3', 'FOXP1', 'HLF', 'JUN', 'MYOG', 'NANOG', 'NFIL3', 'NFIX', 'PTF1A', 'SOX10', 'SOX3', 'SOX4', 'TAL1', 'TCF21', 'TFAP4', 'ZNF7']","['ATF2', 'OSR2', 'PRDM1', 'ZBTB44', 'ZNF189', 'ZNF335', 'ZNF629']",['H3K4me1']
chr5,73912861,73913361,2.47648557612074,2.3453647823268584,2.478528952682132,1.964981001158677,2.407342995515989,2.3147434096282105,"['ENC1', 'ARHGEF28']","[-0.23068718365974, -0.658473736794282]","[0.0394271197575637, 0.00047310712476]","['ARNTL', 'BARX1', 'DLX1', 'ERG', 'ETS1', 'ETV2', 'FLI1', 'FOXF1', 'FOXH1', 'FOXK1', 'FOXK2', 'FOXL2', 'FOXO1', 'FOXO3', 'FOXP1', 'GFI1B', 'GRHL2', 'GSC', 'HOXA9', 'MAFA', 'MAFF', 'MNT', 'NFIX', 'NKX6-1', 'NPAS1', 'PITX1', 'SIX2', 'TBP', 'THRB', 'TRPS1', 'ZNF711']","['SCRT2', 'ZIC2', 'ZSCAN5C']",['H3K4me1']
chr5,107568240,107568850,1.836060802305061,2.11921521987875,2.838750577461471,1.7750981737399771,1.9490561566657227,2.090299898848626,['EFNA5'],[0.139297339488665],[0.147818822056715],"['AR', 'ASCL1', 'ASCL2', 'ATOH1', 'BHLHA15', 'DMC1', 'EOMES', 'MEIS1', 'MYBL1', 'MYBL2', 'MYF5', 'MYOD1', 'MYOG', 'NANOG', 'NFYA', 'NKX2-1', 'NKX2-2', 'NKX3-2', 'OLIG2', 'PGR', 'PLAGL1', 'PTF1A', 'SOX10', 'SOX15', 'SOX17', 'SOX2', 'SOX3', 'SOX4', 'SOX6', 'SOX9', 'TAL1', 'TBP', 'TBR1', 'TBX21', 'TBX5', 'TBX6', 'TCF12', 'TCF21', 'TCF3', 'TCF4', 'TFAP4', 'TGIF1', 'TGIF2', 'THRA', 'THRB', 'TWIST2', 'ZIC1', 'ZNF652']","['OSR2', 'PRDM1', 'ZIC2', 'ZNF121', 'ZNF341', 'ZNF680', 'ZNF770']","['H3K27ac', 'H3K4me1']"
chr5,124810391,124810891,2.5183035444551067,2.3417587630517347,2.594304162400506,2.309875300016801,2.288002676321906,2.440945693658236,['ZNF608'],[0.216106672083244],[0.202300514625902],"['AR', 'EHF', 'ELF1', 'ELF4', 'ELF5', 'ELK1', 'ELK4', 'ERG', 'ETS1', 'ETV1', 'ETV4', 'FLI1', 'GABPA', 'HAND2', 'HOXA9', 'MEIS1', 'MYB', 'NANOG', 'NFATC1', 'NFIX', 'NR2E1', 'PLAGL1', 'PTF1A', 'RELA', 'RUNX1', 'SMAD2', 'SMAD3', 'SMAD4', 'SPDEF', 'TAL1', 'TCF4', 'TFAP2A', 'TFAP2C', 'TGIF1', 'TGIF2', 'THRB', 'TWIST2', 'ZBTB18', 'ZIC1', 'ZNF189', 'ZNF41', 'ZNF416']","['ATF2', 'PRDM10', 'ZNF121', 'ZNF837']",['H3K4me1']
chr5,138870639,138871139,2.908288165004229,3.2988015174703533,4.462367368495031,3.775049375029337,3.5436624921031568,3.3234737702163986,"['CTNNA1', 'LRRTM2']","[0.201468131224894, -0.562820534817499]","[0.006904998082145, 0.0649386079982199]","['AR', 'CRX', 'EOMES', 'GSC', 'HOXA11', 'HOXA13', 'MYB', 'NKX2-1', 'NKX2-2', 'NKX2-5', 'NKX3-1', 'NKX3-2', 'PITX1', 'RARA', 'SMAD2', 'SMAD3', 'SMAD4', 'TAL1', 'TBR1', 'TGIF1', 'TGIF2', 'ZBTB7A', 'ZFP809', 'ZNF416']","['MZF1', 'PRDM1', 'ZNF335']",['H3K4me1']
chr5,143142952,143143452,1.6801618905276252,1.996747511678628,2.466719749679473,1.6571399124272803,1.833969939325695,1.5905741864912843,"['ARHGAP26', 'NR3C1']","[-0.317199451887354, -0.110704639153658]","[0.00397906518626, 0.336658872959025]","['ARNT', 'EOMES', 'FOXA1', 'FOXA2', 'FOXH1', 'FOXK1', 'FOXM1', 'GLI3', 'HOXD10', 'NFATC1', 'NFIX', 'NKX3-1', 'NKX3-2', 'SP2', 'TBR1', 'TBX21', 'TBX6', 'TFCP2L1', 'TGIF1', 'THRB', 'TP53', 'TP63', 'TP73']","['GLI2', 'GLIS1', 'KLF7', 'PATZ1', 'PKNOX1', 'PRDM10', 'PRDM4', 'PRDM6', 'WT1', 'ZBTB48', 'ZBTB8A', 'ZEB2', 'ZIC2', 'ZNF18', 'ZNF189', 'ZNF24', 'ZNF302', 'ZNF362', 'ZNF391', 'ZNF398', 'ZNF513', 'ZNF580', 'ZNF600', 'ZNF645', 'ZNF664', 'ZNF770', 'ZNF843', 'ZSCAN16', 'ZSCAN21', 'ZSCAN30', 'ZSCAN5C']","['H3K27ac', 'H3K4me1']"
chr5,147617316,147617816,1.2997003258263555,1.6725610984449992,1.3389140506437736,1.342204469231121,1.240147259800248,1.348128776957005,"['JAKMIP2', 'DPYSL3']","[-5.0034175160809, -2.4233808809299]","[0.0027199345232797, 7.08017906610844e-05]","['CRX', 'DLX1', 'EBF2', 'EN1', 'FOXF1', 'FOXK1', 'FOXK2', 'FOXL2', 'FOXO1', 'FOXO3', 'FOXP1', 'GSC', 'HOXA11', 'HOXA13', 'HOXD11', 'LEF1', 'MEF2A', 'MEF2B', 'MEF2C', 'NKX6-1', 'PITX1', 'RBPJ', 'SMAD3', 'SOX10', 'SOX3', 'SOX4', 'SOX6', 'TRPS1']","['FEZF1', 'GLI2', 'OSR2', 'SP3', 'ZBTB21', 'ZEB1', 'ZEB2', 'ZNF112', 'ZNF189', 'ZNF335', 'ZNF398', 'ZNF518A', 'ZNF629', 'ZNF843', 'ZSCAN23', 'ZSCAN5C', 'ZXDB']",['H3K4me1']
chr6,17033251,17033751,2.4111134241708223,2.1135633618330547,2.044163216818636,2.1900087709828373,2.237870141702665,2.291971718941504,"['STMND1', 'ATXN1']","[-0.53776257030127, 0.242732654436638]","[0.0166371126549624, 0.0237322092547475]","['ARNTL', 'BHLHE41', 'CLOCK', 'DMC1', 'EGR1', 'EGR2', 'KLF14', 'MEF2A', 'MEF2B', 'MEF2C', 'MEF2D', 'MEIS1', 'MITF', 'MYC', 'NKX3-1', 'PGR', 'PHOX2A', 'PITX1', 'PROP1', 'SMAD3', 'SP2', 'SP5', 'SPDEF', 'STAT6', 'TAL1', 'TFE3', 'TGIF1', 'TGIF2', 'USF1', 'USF2', 'WT1', 'ZNF416']","['ATF2', 'HIC1', 'IKZF3', 'INSM2', 'KLF10', 'KLF17', 'KLF8', 'KLF9', 'PRDM10', 'SALL2', 'SP3', 'TRIM28', 'WT1', 'ZBTB17', 'ZBTB44', 'ZEB1', 'ZEB2', 'ZFP37', 'ZFP69B', 'ZNF184', 'ZNF189', 'ZNF2', 'ZNF324', 'ZNF335', 'ZNF366', 'ZNF391', 'ZNF394', 'ZNF600', 'ZNF629', 'ZNF639', 'ZNF660', 'ZNF692', 'ZNF843', 'ZSCAN30', 'ZXDB']",['H3K4me1']
chr6,25345950,25346544,1.481297323701031,1.8708238205818395,1.4665535424415956,1.4277324616645464,1.842952522480892,1.6675310263653391,['CARMIL1'],[-0.155682052013249],[0.14441315662668],"['AR', 'E2F1', 'E2F3', 'E2F4', 'E2F6', 'E2F7', 'EHF', 'ELF3', 'ELF4', 'ELF5', 'ETS1', 'ETV4', 'FOXA1', 'FOXA2', 'FOXF1', 'FOXK1', 'FOXL2', 'FOXM1', 'FOXO1', 'FOXO3', 'FOXP1', 'HAND2', 'ISL1', 'KLF14', 'MEIS1', 'NKX2-1', 'NKX2-2', 'NKX2-5', 'NKX3-1', 'NKX3-2', 'NKX6-1', 'PBX2', 'PBX3', 'PKNOX1', 'RUNX1', 'RUNX2', 'SOX6', 'SP5', 'SPDEF', 'SPI1', 'TGIF1', 'TGIF2', 'ZFX', 'ZNF711']","['ATF2', 'EGR2', 'IKZF3', 'PKNOX1', 'PRDM1', 'PRDM10', 'PRDM4', 'SP7', 'TSHZ1', 'YY2', 'ZBTB20', 'ZBTB21', 'ZBTB48', 'ZEB2', 'ZFHX2', 'ZNF189', 'ZNF335', 'ZNF398', 'ZNF600', 'ZNF629', 'ZNF692']",['H3K4me1']
chr6,30814151,30814730,2.883354643195341,3.136796006319014,2.6882152185947694,2.713315953565369,2.82241090539016,2.8465261843695826,"['IER3', 'DDR1']","[-0.201849004793884, -0.251529505795911]","[0.379071823359797, 0.0535682490493602]","['ARNTL', 'ATF3', 'BATF', 'DLX2', 'EN1', 'ERG', 'ETV1', 'FOSL1', 'FOSL2', 'FOXK2', 'FOXO1', 'JUN', 'JUNB', 'LHX2', 'LHX3', 'MITF', 'MNT', 'MYB', 'MYC', 'MYCN', 'NANOG', 'NFATC1', 'NKX3-1', 'NKX3-2', 'NKX6-1', 'NPAS1', 'NPAS2', 'PITX1', 'PLAGL1', 'RFX6', 'SIX1', 'SIX2', 'SMAD3', 'SOX6', 'TBP', 'USF1', 'USF2']","['BCL11A', 'GLIS1', 'GLIS2', 'HIC1', 'PRDM1', 'SP3', 'SP7', 'ZBTB10', 'ZBTB17', 'ZBTB20', 'ZBTB21', 'ZEB2', 'ZNF184', 'ZNF280D', 'ZNF335', 'ZNF366', 'ZNF391', 'ZNF514', 'ZNF518A', 'ZNF629', 'ZNF664', 'ZNF692', 'ZXDB']",['H3K4me1']
chr6,36682305,36682805,2.630689033293634,3.2345377536208377,3.640287663984786,3.250207714183306,3.186316598384568,2.685483743760998,['CDKN1A'],[-0.333846349252597],[0.0751701380456836],"['AR', 'ARNT', 'ARNTL', 'ASCL1', 'ATOH1', 'BHLHA15', 'BHLHE41', 'CLOCK', 'EOMES', 'EPAS1', 'ERG', 'ESRRA', 'ESRRG', 'ETS1', 'ETV1', 'ETV2', 'ETV4', 'FLI1', 'GABPA', 'GFI1B', 'IRF2', 'KLF1', 'KLF14', 'KLF3', 'KLF5', 'MAFA', 'MAX', 'MITF', 'MYOG', 'NANOG', 'NEUROD1', 'NEUROG2', 'NPAS1', 'NPAS2', 'NR2F1', 'OLIG2', 'P300', 'PLAGL1', 'PTF1A', 'RFX6', 'SNAPC1', 'SP2', 'SP5', 'SREBF1', 'SREBF2', 'TAL1', 'TBR1', 'TBX21', 'TBX5', 'TBX6', 'TCF12', 'TCF21', 'TCF3', 'TCF4', 'TFAP4', 'THRB', 'TWIST2', 'ZNF263', 'ZNF692']","['BCL11A', 'GLIS2', 'KLF17', 'PATZ1', 'PRDM1', 'PRDM10', 'SCRT2', 'SP7', 'ZBTB17', 'ZBTB20', 'ZBTB48', 'ZEB2', 'ZNF18', 'ZNF341', 'ZNF366', 'ZNF394', 'ZNF398', 'ZNF600', 'ZNF629', 'ZNF660', 'ZNF692', 'ZNF843', 'ZSCAN21', 'ZXDB']","['H3K27ac', 'H3K36me3', 'H3K4me1']"
chr6,47669958,47670458,2.032360150606875,1.602906903901168,2.1860652027841483,1.7277437856916178,1.5357483310486113,1.526183521083402,"['ADGRF4', 'ADGRF2']","[0.292655955226234, 0.2818571483831]","[0.84821123888995, 0.903759219676731]","['AR', 'ARNTL', 'BCL11A', 'EHF', 'ELF3', 'ELF4', 'ERG', 'ETS1', 'ETV1', 'ETV2', 'ETV4', 'FLI1', 'FOXK2', 'FOXO1', 'GABPA', 'MNT', 'MYB', 'MYBL1', 'NANOG', 'NPAS1', 'NPAS2', 'PRDM14', 'PROP1', 'RUNX1', 'RUNX2', 'SMAD2', 'SMAD3', 'SMAD4', 'TAL1', 'TBP', 'TP53', 'TP63', 'TP73', 'ZFX', 'ZNF711']","['FEZF1', 'GFI1B', 'L3MBTL2', 'MZF1', 'OSR2', 'PRDM6', 'TRIM28', 'TSHZ1', 'WT1', 'ZBTB17', 'ZBTB44', 'ZBTB48', 'ZEB2', 'ZNF189', 'ZNF2', 'ZNF24', 'ZNF335', 'ZNF362', 'ZNF366', 'ZNF384', 'ZNF518A', 'ZNF558', 'ZNF629', 'ZSCAN4', 'ZSCAN5C']","['H3K27ac', 'H3K4me1']"
chr6,56746679,56747179,6.048808981538562,7.07929604560159,9.504164630426672,7.256060283504344,6.21748628377547,5.308711280554243,"['DST', 'COL21A1']","[0.0329495599506636, -1.97106181030139]","[0.827290238327855, 0.0020971408067058]","['ARNTL', 'CLOCK', 'E2F6', 'GLI3', 'HAND2', 'KLF6', 'MAX', 'MAZ', 'MITF', 'NANOG', 'NKX2-1', 'NKX2-2', 'NKX2-5', 'NKX3-1', 'NKX3-2', 'NPAS1', 'NPAS2', 'NPAS4', 'SMAD3', 'SOX15', 'TBX5', 'THRB', 'TP53', 'TP63', 'TP73', 'ZNF467', 'ZNF652']","['PRDM1', 'PRDM10', 'PRDM6', 'SCRT2', 'ZBTB17', 'ZSCAN21']",['H3K4me1']
chr6,56807843,56808343,1.85863058549394,1.8750277191898277,1.4569164041566565,1.5538735865395652,1.8887863677665493,1.5573301235544916,"['DST', 'COL21A1']","[0.0329495599506636, -1.97106181030139]","[0.827290238327855, 0.0020971408067058]","['ATF1', 'ATF2', 'ATF7', 'BCL6', 'CREB1', 'CREB5', 'FOXA1', 'FOXA2', 'FOXA3', 'FOXD3', 'FOXF1', 'FOXK1', 'FOXK2', 'FOXL2', 'FOXM1', 'FOXO1', 'FOXO3', 'FOXP1', 'JUN', 'JUND', 'KLF5', 'MYB', 'MYBL1', 'MYBL2', 'NFIL3', 'NKX2-1', 'NKX2-5', 'NKX3-2', 'OLIG2', 'PITX1', 'RFX6', 'SP2', 'TBX5', 'TBX6', 'ZNF416']","['ATF2', 'KLF1', 'KLF17', 'ZBTB21', 'ZBTB8A', 'ZIC2', 'ZNF10', 'ZNF561', 'ZNF629', 'ZSCAN5C']",['H3K4me1']
chr6,129318146,129318646,1.4754213266929566,1.3284742892836845,1.4017898375128903,1.5242553398242906,1.4004713595497449,1.30824103121177,"['ARHGAP18', 'LAMA2']","[-0.164270177639552, -0.413597574833699]","[0.158759792086463, 0.370229031507274]","['ATF4', 'CRX', 'DDIT3', 'DMC1', 'ERG', 'FOXA1', 'FOXA2', 'FOXF1', 'FOXK1', 'FOXL2', 'FOXO1', 'FOXO3', 'FOXP1', 'GFI1B', 'GSC', 'HLF', 'HOXA11', 'HOXA13', 'HOXA9', 'HOXD10', 'HOXD12', 'NANOG', 'OTX2', 'PBX3', 'PITX1', 'ZNF7']","['FEZF1', 'GFI1B', 'GLIS1', 'IKZF3', 'KLF10', 'MZF1', 'OSR2', 'OVOL3', 'PKNOX1', 'PRDM4', 'PRDM6', 'TRIM28', 'WT1', 'YY1', 'ZBTB17', 'ZBTB20', 'ZBTB44', 'ZBTB8A', 'ZEB2', 'ZNF2', 'ZNF221', 'ZNF324', 'ZNF34', 'ZNF362', 'ZNF366', 'ZNF384', 'ZNF513', 'ZNF561', 'ZNF596', 'ZNF610', 'ZNF843', 'ZSCAN30', 'ZSCAN5C', 'ZXDB']",['H3K4me1']
chr6,137309138,137309638,1.2939172857319368,1.2547968438931372,1.7719253564067443,1.2976581707115442,1.3107279940657968,1.5366209463795648,['IFNGR1'],[0.592156525047388],[6.27365116925838e-08],"['AR', 'ATF1', 'ATOH1', 'CREB5', 'ELF4', 'ERG', 'ETV1', 'ETV4', 'GABPA', 'HOXA9', 'ISL1', 'KLF1', 'KLF14', 'KLF3', 'KLF4', 'KLF5', 'KLF6', 'KLF9', 'MAFA', 'MAFB', 'MAFK', 'MAZ', 'MITF', 'MYOD1', 'NEUROG2', 'NFIL3', 'NKX2-1', 'NKX2-2', 'NKX2-5', 'NKX3-2', 'OLIG2', 'PGR', 'PRDM15', 'RUNX1', 'SP1', 'SP2', 'SP5', 'SPDEF', 'SPI1', 'SPIB', 'TAL1', 'TBX5', 'TCF4', 'TEAD1', 'TEAD3', 'TEAD4', 'TGIF1', 'TGIF2', 'THRB', 'TWIST2', 'ZIC1']","['FEZF1', 'KLF1', 'MAZ', 'PATZ1', 'PRDM10', 'PRDM6', 'SP7', 'TRIM28', 'ZBTB48', 'ZNF184', 'ZNF2', 'ZNF335', 'ZNF366', 'ZNF449', 'ZNF488', 'ZNF518A', 'ZNF561', 'ZNF629', 'ZNF843', 'ZXDB']","['H3K27ac', 'H3K4me1']"
chr6,150165132,150165632,2.303403727064389,2.6636954668234427,2.7966803435067598,2.906541027037767,2.751369554964957,1.9517116353912376,['PPP1R14C'],[-0.168254946899992],[0.117841276837082],"['ATF1', 'ATF7', 'DLX1', 'DLX2', 'DLX3', 'DLX5', 'EBF1', 'EBF2', 'EN1', 'ESRRA', 'GFI1B', 'GRHL2', 'ISL1', 'LHX1', 'LHX2', 'LHX3', 'NANOG', 'NKX3-1', 'NKX6-1', 'NR2F1', 'NR2F2', 'NR2F6', 'PHOX2A', 'PROP1', 'RARA', 'TAL1', 'TFCP2L1', 'THRB', 'TP53', 'TP63', 'TP73', 'ZFX', 'ZNF416', 'ZNF711']","['PKNOX1', 'TRIM28', 'ZBTB17', 'ZNF263']",['H3K4me1']
chr6,165847250,165847750,1.7311049417655875,1.7957171659138973,1.7305092697630204,1.597912890180383,1.507422048596954,1.596615183147169,['PDE10A'],[0.0981414145810454],[0.38464599249126],"['AR', 'ARNT', 'BHLHE41', 'CEBPA', 'FOXA1', 'MEIS1', 'MITF', 'NANOG', 'NKX2-5', 'NKX3-1', 'PLAGL1', 'SMAD3', 'SOX10', 'SOX15', 'SOX17', 'SOX2', 'SOX3', 'SOX6', 'TGIF1', 'TGIF2', 'THRB']","['ATF2', 'FEZF1', 'INSM2', 'KLF10', 'KLF16', 'KLF17', 'MAZ', 'OSR2', 'PRDM10', 'PRDM6', 'SCRT2', 'SP7', 'TRIM28', 'TSHZ1', 'WT1', 'ZBTB1', 'ZBTB17', 'ZBTB20', 'ZBTB21', 'ZBTB44', 'ZEB2', 'ZNF24', 'ZNF335', 'ZNF362', 'ZNF366', 'ZNF391', 'ZNF547', 'ZNF558', 'ZNF629', 'ZNF639', 'ZNF664', 'ZNF76', 'ZSCAN5C']",['H3K4me1']
chr7,24600003,24600503,2.197931779791888,2.6405488576679503,2.4462045455078343,2.3786612119289248,2.20530493178926,2.2589614760115286,['MPP6'],[0.194925467560783],[0.0345356757433004],"['CRX', 'FOXK1', 'FOXK2', 'GRHL2', 'GSC', 'HOXA10', 'HOXA11', 'HOXA13', 'HOXA9', 'HOXD10', 'HOXD11', 'HOXD12', 'HOXD13', 'LHX3', 'NKX6-1', 'OLIG2', 'PITX1', 'PTF1A', 'SOX10', 'SOX17', 'SOX3', 'SOX6', 'TAL1', 'TFAP4']","['ATF2', 'PKNOX1']",['H3K4me1']
chr7,25028516,25029016,1.7633773940647126,1.7894371239835705,2.4421717571030928,1.566647479494124,1.896238281082527,1.798716292705438,"['CYCS', 'OSBPL3']","[0.334102636948786, -0.171137390789749]","[0.0620130816932036, 0.080836010152587]","['BARX1', 'DLX1', 'DLX2', 'DLX3', 'DLX5', 'ELF1', 'ELF4', 'ELK1', 'ELK4', 'EN1', 'EOMES', 'ERG', 'ETS1', 'ETV1', 'ETV2', 'ETV4', 'FLI1', 'FOXA1', 'FOXF1', 'FOXK1', 'FOXL2', 'FOXM1', 'FOXO1', 'FOXO3', 'FOXP1', 'GABPA', 'GATA2', 'GATA3', 'GATA4', 'GATA5', 'HOXA9', 'ISL1', 'LHX1', 'LHX2', 'LHX3', 'MAFF', 'NANOG', 'NFATC1', 'NKX2-1', 'NKX2-5', 'NKX3-1', 'NKX3-2', 'NKX6-1', 'NPAS4', 'ONECUT2', 'PITX1', 'RUNX1', 'SOX10', 'SOX3', 'SOX4', 'SOX6', 'SPI1', 'TBX21', 'TBX5', 'TGIF1', 'TGIF2', 'TRPS1']","['ATF2', 'PRDM10', 'SP7', 'TRIM28', 'WT1', 'ZBTB21', 'ZEB1', 'ZNF335', 'ZNF629', 'ZSCAN21']","['H3K27ac', 'H3K4me1']"
chr7,84156338,84156838,1.4057132680531226,1.3616599541993477,1.3692835945679351,1.201106156518566,1.3418075101327975,1.2756853139754882,"['SEMA3E', 'SEMA3A']","[0.307672402329885, -0.299029380680174]","[0.114140944573096, 0.0607944807769912]","['ARNTL', 'CEBPA', 'DLX2', 'EHF', 'ELF3', 'ELF4', 'ELF5', 'EOMES', 'ERG', 'ETS1', 'ETV1', 'ETV4', 'FLI1', 'FOXK1', 'HLF', 'MNT', 'NFIL3', 'NKX6-1', 'NPAS1', 'NPAS2', 'PGR', 'PLAGL1', 'POU1F1', 'RBPJ', 'SOX15', 'SOX6', 'SPI1', 'SPIB', 'TBP', 'TBX21', 'TBX6', 'TCF4', 'TEAD1', 'TEAD3', 'TGIF1', 'TGIF2', 'ZNF711']",,['H3K4me1']
chr7,117273935,117274435,1.403413180354993,1.579308391967348,1.6689174290209654,1.31748249834479,1.4688533367917604,1.3860238099634974,"['ST7', 'WNT2']","[-0.0766461194819498, -0.191114987110593]","[0.559589593820613, 0.826408495099925]","['CDX4', 'HOXA11', 'HOXA13', 'HOXD10', 'HOXD11', 'HOXD13', 'MAFK', 'NANOG', 'NRF1', 'P300', 'PBX2', 'PGR', 'PITX1', 'PRDM15', 'RFX6', 'SOX6', 'TBP', 'TFAP2A', 'TFAP2C', 'TP53', 'TP63', 'ZNF711']","['FEZF1', 'GLIS1', 'L3MBTL2', 'PRDM10', 'SCRT1', 'ZNF18', 'ZNF184', 'ZNF335', 'ZNF341', 'ZNF561', 'ZNF600', 'ZNF624', 'ZNF660', 'ZSCAN30', 'ZSCAN5C', 'ZXDB']",['H3K27ac']
chr8,8251149,8251757,2.291563570831888,2.5243676949767795,3.0610416936824763,2.327036421889808,2.352813468498124,2.2221422089824263,"['USP17L3', 'PRAG1']","[-0.545098912131086, -0.142230815647041]","[0.864492170696031, 0.513937391330191]","['AR', 'ARNTL', 'BARX1', 'BCL6', 'ESRRB', 'ESRRG', 'FOXO1', 'GFI1B', 'GLI3', 'KLF5', 'MAFF', 'MAX', 'MNT', 'NFATC1', 'NKX2-5', 'NKX3-1', 'NPAS1', 'NR2F1', 'NR2F2', 'NR2F6', 'OLIG2', 'PGR', 'RARA', 'RBPJ', 'RFX6', 'RUNX1', 'SMAD2', 'SREBF1', 'SREBF2', 'STAT3', 'STAT4', 'TBR1', 'TBX5', 'TCF4', 'THRB', 'TP53', 'TP63']","['BCL11B', 'FEZF1', 'GLIS1', 'HIC1', 'KLF8', 'OSR2', 'OVOL3', 'PRDM4', 'PRDM6', 'SP7', 'TSHZ1', 'ZBTB44', 'ZFHX2', 'ZFP37', 'ZNF34', 'ZNF610', 'ZNF843', 'ZSCAN5C', 'ZXDB']","['H3K27ac', 'H3K4me1']"
chr8,37535317,37535851,1.5764279258666525,1.891337924997956,2.3078198353018826,1.6705101641027564,1.5584875539196974,1.601998586730098,['ZNF703'],[-0.288768109213968],[0.0237322092547475],"['DLX1', 'DLX2', 'EBF1', 'EBF2', 'EOMES', 'ERG', 'GLI3', 'ISL1', 'NANOG', 'NKX6-1', 'PITX1', 'PLAGL1', 'RBPJ', 'TAL1', 'TBR1', 'TBX21', 'TBX5', 'TBX6', 'TGIF1', 'ZFX', 'ZNF415', 'ZNF416', 'ZNF711']","['IKZF3', 'YY1', 'ZBTB17', 'ZBTB44', 'ZBTB48', 'ZBTB6', 'ZBTB8A', 'ZFP69B', 'ZNF121', 'ZNF2', 'ZNF600', 'ZNF660', 'ZNF692']","['H3K27ac', 'H3K4me1']"
chr8,141153656,141154156,2.691168843678784,2.4810110473536504,2.531171189022914,2.46426687642417,2.2014396330589188,2.387197726614857,"['SLC45A4', 'DENND3']","[0.0954970088831915, -0.638999465943631]","[0.448775463278321, 1.06845560920462e-05]","['ARNTL', 'ASCL1', 'ASCL2', 'ATOH1', 'BCL6', 'BHLHA15', 'ERG', 'ETV4', 'FOXO1', 'HOXD11', 'MAFA', 'MAX', 'MNT', 'MYF5', 'MYOD1', 'MYOG', 'NEUROG2', 'NFIX', 'NKX2-1', 'NKX3-1', 'NKX3-2', 'NPAS1', 'NR2F2', 'OLIG2', 'PITX1', 'PLAGL1', 'PTF1A', 'RUNX1', 'SCRT1', 'SMAD3', 'SNAI1', 'SOX9', 'STAT3', 'TAL1', 'TCF12', 'TCF21', 'TCF3', 'TCF4', 'TFAP4', 'TGIF2', 'THRB', 'TWIST2', 'ZBTB18', 'ZEB1', 'ZEB2', 'ZIC1', 'ZNF263', 'ZNF264', 'ZNF341']","['INSM2', 'KLF1', 'SP7', 'ZBTB20', 'ZBTB48', 'ZFP69B', 'ZNF629', 'ZNF660', 'ZSCAN21', 'ZXDB']",['H3K27ac']
chr9,91835099,91835599,4.694289916373886,5.241480193485686,7.938225596702213,6.17836185360013,4.846516173774669,4.2617022644579,"['NFIL3', 'ROR2']","[0.286390541043378, -0.143703635861888]","[0.0088455656289328, 0.450078923866666]","['CDX4', 'ELK4', 'GFI1B', 'GRHL2', 'HOXA1', 'HOXA11', 'HOXA13', 'HOXA9', 'HOXB13', 'HOXB4', 'HOXC9', 'HOXD10', 'HOXD11', 'HOXD13', 'IRF8', 'MEF2A', 'MEF2B', 'MEF2C', 'MYB', 'MYBL1', 'MYBL2', 'NKX3-1', 'NR5A2', 'P300', 'PBX2', 'PDX1', 'PLAGL1', 'PRDM15', 'SOX9', 'TBP', 'TEAD1', 'TEAD3', 'ZNF189', 'ZNF711']","['GLIS1', 'PKNOX1', 'PRDM4', 'SCRT2']",['H3K4me1']
chr9,94822255,94822755,1.9394684621875256,1.53290190262367,1.775006965722234,1.5742626788580596,1.5141008957687914,1.7816195163490245,['FANCC'],[-0.0565866061733729],[0.530508177190359],"['ATF1', 'ATF7', 'CDX2', 'CDX4', 'CREB5', 'CRX', 'DLX2', 'EN1', 'FOXA1', 'FOXD3', 'FOXF1', 'FOXH1', 'FOXK1', 'FOXK2', 'FOXM1', 'FOXO1', 'FOXO3', 'FOXP1', 'GSC', 'HOXA11', 'HOXA13', 'HOXA9', 'HOXB13', 'HOXD10', 'HOXD11', 'HOXD12', 'HOXD13', 'HSF1', 'JUN', 'LHX3', 'MEF2B', 'MYBL1', 'NANOG', 'NKX6-1', 'OTX2', 'P300', 'PITX1', 'POU1F1', 'PRDM15', 'SIX1', 'SIX2', 'SPIB', 'TAL1', 'TBX5', 'THRB', 'TRPS1', 'ZNF416']","['BCL6B', 'FEZF1', 'GFI1B', 'PRDM6', 'WT1', 'ZBTB44', 'ZNF341', 'ZNF580']",['H3K4me1']
chr9,95008120,95008620,2.0169734741475973,2.44225453898587,2.310556670982569,1.815391282085507,2.1935295830327144,2.120788594516803,['FANCC'],[-0.0565866061733729],[0.530508177190359],"['AR', 'ATF1', 'ATF2', 'ATF7', 'BCL11A', 'CREB5', 'E2F1', 'FOXO1', 'GLI3', 'JUN', 'MAZ', 'NR2F1', 'NR2F2', 'NR2F6', 'PGR', 'TAL1', 'THRB', 'ZIC3']","['FEZF1', 'GFI1B', 'GLIS1', 'IKZF3', 'MAZ', 'MZF1', 'OSR2', 'PRDM1', 'PRDM10', 'PRDM6', 'TRIM28', 'ZBTB17', 'ZEB2', 'ZFP69B', 'ZIC2', 'ZNF335', 'ZNF366', 'ZNF561', 'ZNF629', 'ZNF660', 'ZNF692', 'ZSCAN21', 'ZSCAN5C']",['H3K27ac']
chr9,96040868,96041368,2.7990544777709774,2.907930187369153,2.736482768196513,2.338334718710494,3.01036552444083,2.498217073201997,['ERCC6L2'],[0.0709472097950485],[0.504180533437843],"['ATF7', 'CRX', 'ESRRA', 'ESRRB', 'ESRRG', 'FOXA1', 'FOXA2', 'FOXA3', 'FOXD3', 'FOXF1', 'FOXK1', 'FOXK2', 'FOXL2', 'FOXM1', 'FOXO3', 'GSC', 'HOXA9', 'HOXD11', 'KLF1', 'KLF5', 'KLF6', 'MAZ', 'MYB', 'MYBL1', 'MYBL2', 'NPAS4', 'NR2F2', 'NR2F6', 'NR5A2', 'OTX2', 'PITX1', 'PLAGL1', 'PRDM15', 'RARA', 'RBPJ', 'SF1', 'SMAD3', 'SOX10', 'SOX15', 'SOX3', 'SOX4', 'SP2', 'TBP', 'THRB', 'TRPS1', 'ZFX', 'ZNF467', 'ZNF711']","['ATF2', 'TRIM28', 'ZBTB17', 'ZBTB20', 'ZNF629']",['H3K27ac']
chrX,18793845,18794345,1.9552017250833609,1.88413049689723,2.399431336072167,1.8866464671995784,1.6283416649952156,2.0028809293774623,"['PPEF1', 'PHKA2']","[-1.03653755610736, 0.0667124769381636]","[0.0020366995417786, 0.584150039568254]","['ASCL1', 'ATOH1', 'BHLHA15', 'DLX1', 'DLX2', 'DLX3', 'DLX5', 'EN1', 'ISL1', 'LHX1', 'LHX2', 'LHX3', 'MEF2A', 'MEF2B', 'MYBL2', 'MYF5', 'MYOD1', 'MYOG', 'NANOG', 'NEUROD1', 'NEUROG2', 'NKX3-1', 'NKX6-1', 'OLIG2', 'PHOX2A', 'PITX1', 'PLAGL1', 'PRDM14', 'PROP1', 'PTF1A', 'SMAD3', 'SOX10', 'SOX15', 'SOX17', 'SOX2', 'SOX3', 'SOX6', 'SOX7', 'SP2', 'TAL1', 'TBX5', 'TCF12', 'TCF21', 'TCF3', 'TCF4', 'TFAP4', 'TWIST2', 'ZBTB18']","['ATF2', 'GLIS1', 'IKZF3', 'OSR2', 'PKNOX1', 'PRDM10', 'PRDM4', 'PRDM6', 'SCRT2', 'TRIM28', 'ZBTB20', 'ZBTB21', 'ZBTB48', 'ZEB2', 'ZNF189', 'ZNF335', 'ZNF366', 'ZNF398', 'ZNF549', 'ZNF600', 'ZNF629', 'ZNF692', 'ZNF792', 'ZSCAN5C']","['H3K27ac', 'H3K4me1']"
chrX,72268627,72269127,2.384387685501564,2.42876728073508,3.039564829771753,1.9065020657842349,2.024358027026876,3.14822339632352,"['RPS4X', 'ERCC6L']","[0.440193021050152, 0.136000691113283]","[0.0001069603012279, 0.164016895855133]","['AR', 'DLX1', 'DLX2', 'DLX5', 'DMC1', 'EN1', 'FOXA1', 'FOXF1', 'FOXK1', 'FOXL2', 'FOXO1', 'FOXO3', 'FOXP1', 'GATA3', 'GATA4', 'GATA5', 'MEIS1', 'NANOG', 'NKX6-1', 'PBX1', 'PBX3', 'PITX1', 'PKNOX1', 'SMAD3', 'SPDEF', 'SRF', 'STAT4', 'TGIF1', 'TGIF2', 'THRB', 'TRPS1', 'ZNF189']","['PRDM6', 'ZNF121', 'ZNF660', 'ZNF770']","['H3K27ac', 'H3K36me3']"
